id,source,group
Ag2Br2S4-5979f170cce4,c2db,Ag2Br2S4-5979f170cce4
agm2000111634,alexandria,Ag2Br2S4-5979f170cce4
Ag2Br6-8e63ef562431,c2db,Ag2Br6-8e63ef562431
agm2000109734,alexandria,Ag2Br6-8e63ef562431
Ag2Cl2-dd5f0964d63d,c2db,Ag2Cl2-dd5f0964d63d
agm2000109883,alexandria,Ag2Cl2-dd5f0964d63d
Ag2Cl2S4-f98532e454a0,c2db,Ag2Cl2S4-f98532e454a0
agm2000111635,alexandria,Ag2Cl2S4-f98532e454a0
Ag2Cl2Se4-55e92c5d7b58,c2db,Ag2Cl2Se4-55e92c5d7b58
agm2000109904,alexandria,Ag2Cl2Se4-55e92c5d7b58
Ag2Cl2Te4-d2ed9275e89c,c2db,Ag2Cl2Te4-d2ed9275e89c
agm2000109882,alexandria,Ag2Cl2Te4-d2ed9275e89c
Ag2Cl6-f753db8ae919,c2db,Ag2Cl6-f753db8ae919
agm2000109851,alexandria,Ag2Cl6-f753db8ae919
Ag2I2S4-c6527bc4fbaf,c2db,Ag2I2S4-c6527bc4fbaf
agm2000111633,alexandria,Ag2I2S4-c6527bc4fbaf
Ag2I2Te4-27e83673114d,c2db,Ag2I2Te4-27e83673114d
agm2000109674,alexandria,Ag2I2Te4-27e83673114d
Ag2Se2-248fffac5959,c2db,Ag2Se2-248fffac5959
agm2000111799,alexandria,Ag2Se2-248fffac5959
Al2Br2O2-5c86a74cc470,c2db,Al2Br2O2-5c86a74cc470
agm2000110339,alexandria,Al2Br2O2-5c86a74cc470
Al2Br6-d185cf10e109,c2db,Al2Br6-d185cf10e109
agm2000109676,alexandria,Al2Br6-d185cf10e109
Al2Cl2O2-7b01cbac3629,c2db,Al2Cl2O2-7b01cbac3629
JVASP-6271,jarvis_dft2d,Al2Cl2O2-7b01cbac3629
agm2000110340,alexandria,Al2Cl2O2-7b01cbac3629
Al2Cl6-b8b35ca6154e,c2db,Al2Cl6-b8b35ca6154e
agm2000109678,alexandria,Al2Cl6-b8b35ca6154e
Al2P2S6-669d6f1af4d4,c2db,Al2P2S6-669d6f1af4d4
agm2000111305,alexandria,Al2P2S6-669d6f1af4d4
Al2P2Se6-90d84f697622,c2db,Al2P2Se6-90d84f697622
agm2000111306,alexandria,Al2P2Se6-90d84f697622
Al2S2-dce599ea3912,c2db,Al2S2-dce599ea3912
agm2000109692,alexandria,Al2S2-dce599ea3912
Al2S2-f9df9f4a5c34,c2db,Al2S2-f9df9f4a5c34
agm2000109693,alexandria,Al2S2-f9df9f4a5c34
Al2Te2-1584210aaef9,c2db,Al2Te2-1584210aaef9
agm2000109694,alexandria,Al2Te2-1584210aaef9
Al2Te2-e54041554385,c2db,Al2Te2-e54041554385
agm2000109695,alexandria,Al2Te2-e54041554385
AsBrS-1dcd471c2288,c2db,AsBrS-1dcd471c2288
agm2000110659,alexandria,AsBrS-1dcd471c2288
AsBrTe-671e6de2497a,c2db,AsBrTe-671e6de2497a
agm2000109699,alexandria,AsBrTe-671e6de2497a
AsClS-afd0d75a82a2,c2db,AsClS-afd0d75a82a2
agm2000110677,alexandria,AsClS-afd0d75a82a2
AsClSe-1a3be826b3e0,c2db,AsClSe-1a3be826b3e0
agm2000109884,alexandria,AsClSe-1a3be826b3e0
AsClTe-4fd8ad708fb0,c2db,AsClTe-4fd8ad708fb0
agm2000109885,alexandria,AsClTe-4fd8ad708fb0
AsClTe-fba4cc0df459,c2db,AsClTe-fba4cc0df459
agm2000111331,alexandria,AsClTe-fba4cc0df459
Au2Br2Te4-5e64ed168c9e,c2db,Au2Br2Te4-5e64ed168c9e
agm2000109757,alexandria,Au2Br2Te4-5e64ed168c9e
Au2Cl2Te4-ad0f58cb7fb5,c2db,Au2Cl2Te4-ad0f58cb7fb5
agm2000109917,alexandria,Au2Cl2Te4-ad0f58cb7fb5
Au2Cl6-1fee35476d21,c2db,Au2Cl6-1fee35476d21
agm2000109852,alexandria,Au2Cl6-1fee35476d21
Au2I2-e482cb121690,c2db,Au2I2-e482cb121690
agm2000111088,alexandria,Au2I2-e482cb121690
Au2I2Se4-96893388f5ca,c2db,Au2I2Se4-96893388f5ca
agm2000111605,alexandria,Au2I2Se4-96893388f5ca
Au2I2Te4-2f737d1570ba,c2db,Au2I2Te4-2f737d1570ba
agm2000110782,alexandria,Au2I2Te4-2f737d1570ba
Bi2-e50c9fb190b0,c2db,Bi2-e50c9fb190b0
JVASP-20002,jarvis_dft2d,Bi2-e50c9fb190b0
Bi2Br2O2-1562a8a7b1c7,c2db,Bi2Br2O2-1562a8a7b1c7
agm2000111480,alexandria,Bi2Br2O2-1562a8a7b1c7
Bi2Cl2S2-99346f7e250f,c2db,Bi2Cl2S2-99346f7e250f
agm2000062963,alexandria,Bi2Cl2S2-99346f7e250f
Bi2Cl6-8fd22b48e9b1,c2db,Bi2Cl6-8fd22b48e9b1
agm2000109853,alexandria,Bi2Cl6-8fd22b48e9b1
Bi2F6-720f09b813a6,c2db,Bi2F6-720f09b813a6
agm2000110007,alexandria,Bi2F6-720f09b813a6
Bi2I6-01a2d5e89adc,c2db,Bi2I6-01a2d5e89adc
agm2000111079,alexandria,Bi2I6-01a2d5e89adc
Bi2P2S6-287dcf4f1a19,c2db,Bi2P2S6-287dcf4f1a19
agm2000110414,alexandria,Bi2P2S6-287dcf4f1a19
Bi2P2Se6-aa9a981d89aa,c2db,Bi2P2Se6-aa9a981d89aa
agm2000111573,alexandria,Bi2P2Se6-aa9a981d89aa
Bi2P2Te6-cf7927ab6730,c2db,Bi2P2Te6-cf7927ab6730
agm2000111593,alexandria,Bi2P2Te6-cf7927ab6730
BiBrSe-11db0908d9ef,c2db,BiBrSe-11db0908d9ef
agm2000110517,alexandria,BiBrSe-11db0908d9ef
Br2Cr2Se2-6d18e7a36c5a,c2db,Br2Cr2Se2-6d18e7a36c5a
agm2000109963,alexandria,Br2Cr2Se2-6d18e7a36c5a
Br2Ga2O2-f06d0758fdea,c2db,Br2Ga2O2-f06d0758fdea
agm2000062793,alexandria,Br2Ga2O2-f06d0758fdea
Br2In2-97f88130feea,c2db,Br2In2-97f88130feea
agm2000111723,alexandria,Br2In2-97f88130feea
Br2N2Zr2-63d69e4c4075,c2db,Br2N2Zr2-63d69e4c4075
JVASP-14421,jarvis_dft2d,Br2N2Zr2-63d69e4c4075
agm2000110218,alexandria,Br2N2Zr2-63d69e4c4075
Br2O2Sc2-7a1e1bf3f7d9,c2db,Br2O2Sc2-7a1e1bf3f7d9
JVASP-27759,jarvis_dft2d,Br2O2Sc2-7a1e1bf3f7d9
agm2000110379,alexandria,Br2O2Sc2-7a1e1bf3f7d9
Br2Rh2S2-65afba8ca713,c2db,Br2Rh2S2-65afba8ca713
agm2000110671,alexandria,Br2Rh2S2-65afba8ca713
Br2S2Sc2-d38af92ba9a0,c2db,Br2S2Sc2-d38af92ba9a0
agm2000063003,alexandria,Br2S2Sc2-d38af92ba9a0
Br2Sb2-1b03587c5de9,c2db,Br2Sb2-1b03587c5de9
agm2000110937,alexandria,Br2Sb2-1b03587c5de9
Br2Tl2-948c61cd5626,c2db,Br2Tl2-948c61cd5626
agm2000110938,alexandria,Br2Tl2-948c61cd5626
BrClHf-72257f9ad66d,c2db,BrClHf-72257f9ad66d
agm2000109886,alexandria,BrClHf-72257f9ad66d
BrClTi-d3f135b9cf41,c2db,BrClTi-d3f135b9cf41
agm2000109920,alexandria,BrClTi-d3f135b9cf41
BrHfI-836a1091409d,c2db,BrHfI-836a1091409d
agm2000109753,alexandria,BrHfI-836a1091409d
BrITi-233dbbf8f473,c2db,BrITi-233dbbf8f473
agm2000110819,alexandria,BrITi-233dbbf8f473
BrSSb-4ae37f15e1fe,c2db,BrSSb-4ae37f15e1fe
agm2000110673,alexandria,BrSSb-4ae37f15e1fe
BrSbSe-89b15ddef41d,c2db,BrSbSe-89b15ddef41d
agm2000083191,alexandria,BrSbSe-89b15ddef41d
agm2000110524,alexandria,BrSbSe-89b15ddef41d
BrSbSe-c2a344b393f0,c2db,BrSbSe-c2a344b393f0
agm2000110525,alexandria,BrSbSe-c2a344b393f0
BrSbTe-18e62ba75259,c2db,BrSbTe-18e62ba75259
agm2000109755,alexandria,BrSbTe-18e62ba75259
BrSbTe-f1e78a09001d,c2db,BrSbTe-f1e78a09001d
agm2000085667,alexandria,BrSbTe-f1e78a09001d
agm2000109756,alexandria,BrSbTe-f1e78a09001d
C2H2-1b265530a869,c2db,C2H2-1b265530a869
agm2000110072,alexandria,C2H2-1b265530a869
CF2Sc2-b592b469c203,c2db,CF2Sc2-b592b469c203
agm2000109783,alexandria,CF2Sc2-b592b469c203
CHf2O2-27e68f9f2aef,c2db,CHf2O2-27e68f9f2aef
agm2000109788,alexandria,CHf2O2-27e68f9f2aef
CO2Ti2-c5bb3a35a784,c2db,CO2Ti2-c5bb3a35a784
agm2000109791,alexandria,CO2Ti2-c5bb3a35a784
CO2Zr2-091a247432d0,c2db,CO2Zr2-091a247432d0
agm2000109793,alexandria,CO2Zr2-091a247432d0
Cd2P2S6-ebcb2404504e,c2db,Cd2P2S6-ebcb2404504e
JVASP-6322,jarvis_dft2d,Cd2P2S6-ebcb2404504e
JVASP-7048,jarvis_dft2d,Cd2P2S6-ebcb2404504e
agm2000110415,alexandria,Cd2P2S6-ebcb2404504e
Cd2P2Se6-0460cce85156,c2db,Cd2P2Se6-0460cce85156
agm2000110432,alexandria,Cd2P2Se6-0460cce85156
Cd2P2Te6-d839f9ec2709,c2db,Cd2P2Te6-d839f9ec2709
agm2000111537,alexandria,Cd2P2Te6-d839f9ec2709
Cd2S2-d9ca01c61c76,c2db,Cd2S2-d9ca01c61c76
agm2000009049,alexandria,Cd2S2-d9ca01c61c76
agm2000110676,alexandria,Cd2S2-d9ca01c61c76
Cd2Se2-6e69c77cf8fc,c2db,Cd2Se2-6e69c77cf8fc
agm2000018728,alexandria,Cd2Se2-6e69c77cf8fc
agm2000110528,alexandria,Cd2Se2-6e69c77cf8fc
Cd2Te2-3a9e0525e324,c2db,Cd2Te2-3a9e0525e324
agm2000109810,alexandria,Cd2Te2-3a9e0525e324
CdBr2-5acf0d634aa9,c2db,CdBr2-5acf0d634aa9
JVASP-5887,jarvis_dft2d,CdBr2-5acf0d634aa9
JVASP-60456,jarvis_dft2d,CdBr2-5acf0d634aa9
JVASP-60457,jarvis_dft2d,CdBr2-5acf0d634aa9
JVASP-76511,jarvis_dft2d,CdBr2-5acf0d634aa9
JVASP-76512,jarvis_dft2d,CdBr2-5acf0d634aa9
agm2000017820,alexandria,CdBr2-5acf0d634aa9
agm2000023306,alexandria,CdBr2-5acf0d634aa9
agm2000042021,alexandria,CdBr2-5acf0d634aa9
agm2000048978,alexandria,CdBr2-5acf0d634aa9
agm2000123331,alexandria,CdBr2-5acf0d634aa9
CdBr2-bb3c9722fb14,c2db,CdBr2-bb3c9722fb14
agm2000009260,alexandria,CdBr2-bb3c9722fb14
agm2000023307,alexandria,CdBr2-bb3c9722fb14
agm2000109719,alexandria,CdBr2-bb3c9722fb14
CdCl2-3861891e1b05,c2db,CdCl2-3861891e1b05
JVASP-19998,jarvis_dft2d,CdCl2-3861891e1b05
JVASP-6232,jarvis_dft2d,CdCl2-3861891e1b05
agm2000011102,alexandria,CdCl2-3861891e1b05
agm2000123593,alexandria,CdCl2-3861891e1b05
CdCl2-46c028e03e8b,c2db,CdCl2-46c028e03e8b
agm2000002921,alexandria,CdCl2-46c028e03e8b
CdCl2-ff50eed37ec7,c2db,CdCl2-ff50eed37ec7
agm2000109817,alexandria,CdCl2-ff50eed37ec7
CdI2-d63ad801fdb5,c2db,CdI2-d63ad801fdb5
agm2000009421,alexandria,CdI2-d63ad801fdb5
agm2000109809,alexandria,CdI2-d63ad801fdb5
Cl2Cr2S2-92b8a07f1c47,c2db,Cl2Cr2S2-92b8a07f1c47
agm2000062172,alexandria,Cl2Cr2S2-92b8a07f1c47
Cl2Cu2Te4-fc8a3cace7a2,c2db,Cl2Cu2Te4-fc8a3cace7a2
agm2000111338,alexandria,Cl2Cu2Te4-fc8a3cace7a2
Cl2Ga2-68c9368e1839,c2db,Cl2Ga2-68c9368e1839
agm2000110988,alexandria,Cl2Ga2-68c9368e1839
Cl2Ga2O2-d5722b10ff79,c2db,Cl2Ga2O2-d5722b10ff79
agm2000110352,alexandria,Cl2Ga2O2-d5722b10ff79
Cl2Ga2S2-e8c957867a6c,c2db,Cl2Ga2S2-e8c957867a6c
agm2000110682,alexandria,Cl2Ga2S2-e8c957867a6c
Cl2Ga2Se2-b30d856bad04,c2db,Cl2Ga2Se2-b30d856bad04
agm2000111339,alexandria,Cl2Ga2Se2-b30d856bad04
Cl2In2-9d0130e99f0c,c2db,Cl2In2-9d0130e99f0c
agm2000110990,alexandria,Cl2In2-9d0130e99f0c
Cl2Mn2N2-2e64187886f8,c2db,Cl2Mn2N2-2e64187886f8
agm2000110224,alexandria,Cl2Mn2N2-2e64187886f8
Cl2Pt2-93dfef2d1004,c2db,Cl2Pt2-93dfef2d1004
agm2000109898,alexandria,Cl2Pt2-93dfef2d1004
Cl2Rh2S2-a6b02080c19f,c2db,Cl2Rh2S2-a6b02080c19f
agm2000110690,alexandria,Cl2Rh2S2-a6b02080c19f
Cl2S2Sc2-8dd7b2e2ca68,c2db,Cl2S2Sc2-8dd7b2e2ca68
agm2000110692,alexandria,Cl2S2Sc2-8dd7b2e2ca68
Cl2Sc2Se2-0fa2e5513bb2,c2db,Cl2Sc2Se2-0fa2e5513bb2
agm2000109902,alexandria,Cl2Sc2Se2-0fa2e5513bb2
Cl2Tl2-9c35cd88980f,c2db,Cl2Tl2-9c35cd88980f
agm2000109924,alexandria,Cl2Tl2-9c35cd88980f
ClHfI-d3756ea15451,c2db,ClHfI-d3756ea15451
agm2000109894,alexandria,ClHfI-d3756ea15451
ClITi-ae06e7424bb1,c2db,ClITi-ae06e7424bb1
agm2000109921,alexandria,ClITi-ae06e7424bb1
ClSbSe-0c0fbdaf8f4a,c2db,ClSbSe-0c0fbdaf8f4a
agm2000081994,alexandria,ClSbSe-0c0fbdaf8f4a
agm2000109913,alexandria,ClSbSe-0c0fbdaf8f4a
ClSbSe-f705a30af945,c2db,ClSbSe-f705a30af945
agm2000109914,alexandria,ClSbSe-f705a30af945
ClSbTe-da5fd2bb47af,c2db,ClSbTe-da5fd2bb47af
agm2000081979,alexandria,ClSbTe-da5fd2bb47af
agm2000109901,alexandria,ClSbTe-da5fd2bb47af
Co2Br6-a3381f5ec841,c2db,Co2Br6-a3381f5ec841
agm2000109935,alexandria,Co2Br6-a3381f5ec841
Co2H2O4-3e1267eb3704,c2db,Co2H2O4-3e1267eb3704
agm2000110077,alexandria,Co2H2O4-3e1267eb3704
Co2H2S4-8a604096ad78,c2db,Co2H2S4-8a604096ad78
agm2000110086,alexandria,Co2H2S4-8a604096ad78
Co2I6-04fd9e7d4375,c2db,Co2I6-04fd9e7d4375
agm2000109939,alexandria,Co2I6-04fd9e7d4375
CoHfF6-a1afa529df1b,c2db,CoHfF6-a1afa529df1b
agm2000111384,alexandria,CoHfF6-a1afa529df1b
Cr2Br6-e406fd4547de,c2db,Cr2Br6-e406fd4547de
agm2000109951,alexandria,Cr2Br6-e406fd4547de
Cr2Cl6-9f9e75488d50,c2db,Cr2Cl6-9f9e75488d50
JVASP-60443,jarvis_dft2d,Cr2Cl6-9f9e75488d50
JVASP-6943,jarvis_dft2d,Cr2Cl6-9f9e75488d50
JVASP-76498,jarvis_dft2d,Cr2Cl6-9f9e75488d50
agm2000109855,alexandria,Cr2Cl6-9f9e75488d50
Cr2I2S2-a68f6e0481d3,c2db,Cr2I2S2-a68f6e0481d3
agm2000110703,alexandria,Cr2I2S2-a68f6e0481d3
Cr2I6-462e253dd5f0,c2db,Cr2I6-462e253dd5f0
agm2000109954,alexandria,Cr2I6-462e253dd5f0
Cr2Mo2Te8-988b11badabb,c2db,Cr2Mo2Te8-988b11badabb
agm2000111360,alexandria,Cr2Mo2Te8-988b11badabb
Cr2P2Se6-2897f2d181b7,c2db,Cr2P2Se6-2897f2d181b7
agm2000110408,alexandria,Cr2P2Se6-2897f2d181b7
Cr2W2S8-5974b6403c31,c2db,Cr2W2S8-5974b6403c31
agm2000111645,alexandria,Cr2W2S8-5974b6403c31
Cr2W2Te8-62bb754c4cb2,c2db,Cr2W2Te8-62bb754c4cb2
agm2000111365,alexandria,Cr2W2Te8-62bb754c4cb2
CrS2-c5ee5e35d2b4,c2db,CrS2-c5ee5e35d2b4
agm2000110598,alexandria,CrS2-c5ee5e35d2b4
CrTe2-c31911a1b3f9,c2db,CrTe2-c31911a1b3f9
agm2000008581,alexandria,CrTe2-c31911a1b3f9
agm2000109967,alexandria,CrTe2-c31911a1b3f9
CrW3S8-a9f87eba4b96,c2db,CrW3S8-a9f87eba4b96
agm2000111657,alexandria,CrW3S8-a9f87eba4b96
Cu2Br6-d725eac1ffd0,c2db,Cu2Br6-d725eac1ffd0
agm2000109972,alexandria,Cu2Br6-d725eac1ffd0
Cu2Cl6-28fbb0f1e271,c2db,Cu2Cl6-28fbb0f1e271
agm2000109856,alexandria,Cu2Cl6-28fbb0f1e271
Cu2I2S4-f8587bc84f8a,c2db,Cu2I2S4-f8587bc84f8a
agm2000111638,alexandria,Cu2I2S4-f8587bc84f8a
Cu2S2-ed5f6e977271,c2db,Cu2S2-ed5f6e977271
agm2000037365,alexandria,Cu2S2-ed5f6e977271
agm2000110709,alexandria,Cu2S2-ed5f6e977271
F2Pd2-28a66c9b9a33,c2db,F2Pd2-28a66c9b9a33
agm2000110017,alexandria,F2Pd2-28a66c9b9a33
Fe2Cl6-a7111f341a6a,c2db,Fe2Cl6-a7111f341a6a
agm2000109857,alexandria,Fe2Cl6-a7111f341a6a
Fe2S4-ae77a95fa237,c2db,Fe2S4-ae77a95fa237
agm2000110600,alexandria,Fe2S4-ae77a95fa237
Fe2Se4-5f4dce912dea,c2db,Fe2Se4-5f4dce912dea
agm2000016241,alexandria,Fe2Se4-5f4dce912dea
agm2000109994,alexandria,Fe2Se4-5f4dce912dea
FeBr2-8a7a18d48fc2,c2db,FeBr2-8a7a18d48fc2
agm2000109985,alexandria,FeBr2-8a7a18d48fc2
FeCl2-a0004cbce0c5,c2db,FeCl2-a0004cbce0c5
agm2000109822,alexandria,FeCl2-a0004cbce0c5
FeHfBr6-181fcd1ccbdd,c2db,FeHfBr6-181fcd1ccbdd
agm2000109987,alexandria,FeHfBr6-181fcd1ccbdd
FeHfCl6-f2aeeb1b6428,c2db,FeHfCl6-f2aeeb1b6428
agm2000111328,alexandria,FeHfCl6-f2aeeb1b6428
FeHfI6-7894abe85502,c2db,FeHfI6-7894abe85502
agm2000109993,alexandria,FeHfI6-7894abe85502
FeZrBr6-248e1ae388d3,c2db,FeZrBr6-248e1ae388d3
agm2000109988,alexandria,FeZrBr6-248e1ae388d3
FeZrCl6-7a4195b3cc8f,c2db,FeZrCl6-7a4195b3cc8f
agm2000109877,alexandria,FeZrCl6-7a4195b3cc8f
FeZrI6-8357694f8740,c2db,FeZrI6-8357694f8740
agm2000110002,alexandria,FeZrI6-8357694f8740
Ga2Br6-f99a20bc06b2,c2db,Ga2Br6-f99a20bc06b2
agm2000110023,alexandria,Ga2Br6-f99a20bc06b2
Ga2I6-944c9b326b62,c2db,Ga2I6-944c9b326b62
agm2000110025,alexandria,Ga2I6-944c9b326b62
Ga2P2Te6-4cb4ea247ef4,c2db,Ga2P2Te6-4cb4ea247ef4
agm2000111544,alexandria,Ga2P2Te6-4cb4ea247ef4
Ga2S2-6f3b2e422ac9,c2db,Ga2S2-6f3b2e422ac9
JVASP-7054,jarvis_dft2d,Ga2S2-6f3b2e422ac9
agm2000110714,alexandria,Ga2S2-6f3b2e422ac9
Ga2Se2-8a6a5075fdf0,c2db,Ga2Se2-8a6a5075fdf0
agm2000110027,alexandria,Ga2Se2-8a6a5075fdf0
Ga2Te2-1b0b43b113f5,c2db,Ga2Te2-1b0b43b113f5
agm2000110028,alexandria,Ga2Te2-1b0b43b113f5
Ga2Te2-55c23ca88a05,c2db,Ga2Te2-55c23ca88a05
JVASP-6838,jarvis_dft2d,Ga2Te2-55c23ca88a05
agm2000110029,alexandria,Ga2Te2-55c23ca88a05
GaN-c973e283b023,c2db,GaN-c973e283b023
JVASP-6517,jarvis_dft2d,GaN-c973e283b023
Ge2P2S6-57b6b4812de1,c2db,Ge2P2S6-57b6b4812de1
agm2000110416,alexandria,Ge2P2S6-57b6b4812de1
Ge2P2Se6-6152fa4b5f1b,c2db,Ge2P2Se6-6152fa4b5f1b
agm2000111545,alexandria,Ge2P2Se6-6152fa4b5f1b
Ge2P2Te6-e8f4b479deef,c2db,Ge2P2Te6-e8f4b479deef
agm2000111546,alexandria,Ge2P2Te6-e8f4b479deef
Ge2Te2-3b5fa8791e0d,c2db,Ge2Te2-3b5fa8791e0d
agm2000111066,alexandria,Ge2Te2-3b5fa8791e0d
GeBr2-36a198743d35,c2db,GeBr2-36a198743d35
agm2000111060,alexandria,GeBr2-36a198743d35
GeBr2-a64179cfe007,c2db,GeBr2-a64179cfe007
agm2000111059,alexandria,GeBr2-a64179cfe007
GeCl2-8b0f0207ae45,c2db,GeCl2-8b0f0207ae45
agm2000110956,alexandria,GeCl2-8b0f0207ae45
GeCl2-a7216f084785,c2db,GeCl2-a7216f084785
agm2000110957,alexandria,GeCl2-a7216f084785
GeI2-694ac91aec01,c2db,GeI2-694ac91aec01
agm2000111061,alexandria,GeI2-694ac91aec01
GeO2-21281ac194c2,c2db,GeO2-21281ac194c2
agm2000011495,alexandria,GeO2-21281ac194c2
agm2000110271,alexandria,GeO2-21281ac194c2
GeO2-630e9718ed1f,c2db,GeO2-630e9718ed1f
agm2000018443,alexandria,GeO2-630e9718ed1f
agm2000045740,alexandria,GeO2-630e9718ed1f
agm2000110272,alexandria,GeO2-630e9718ed1f
GeS2-69b36b84eb8c,c2db,GeS2-69b36b84eb8c
agm2000110601,alexandria,GeS2-69b36b84eb8c
GeS2-6b1efcdcfd40,c2db,GeS2-6b1efcdcfd40
agm2000007626,alexandria,GeS2-6b1efcdcfd40
GeSe-211bcb7f05d6,c2db,GeSe-211bcb7f05d6
agm2000110036,alexandria,GeSe-211bcb7f05d6
GeSe2-8af45b2cf14e,c2db,GeSe2-8af45b2cf14e
agm2000009981,alexandria,GeSe2-8af45b2cf14e
H2Li2O2-c94cd98c2120,c2db,H2Li2O2-c94cd98c2120
agm2000110074,alexandria,H2Li2O2-c94cd98c2120
H2Li2S2-2067f1965013,c2db,H2Li2S2-2067f1965013
agm2000110075,alexandria,H2Li2S2-2067f1965013
H2Na2O2-656a6c539ad1,c2db,H2Na2O2-656a6c539ad1
agm2000110084,alexandria,H2Na2O2-656a6c539ad1
H2Na2S2-4175a1c2b529,c2db,H2Na2S2-4175a1c2b529
agm2000110076,alexandria,H2Na2S2-4175a1c2b529
Hf2Br4-69aac3df8db3,c2db,Hf2Br4-69aac3df8db3
agm2000109720,alexandria,Hf2Br4-69aac3df8db3
Hf2Cl4-ddc64205f942,c2db,Hf2Cl4-ddc64205f942
agm2000123602,alexandria,Hf2Cl4-ddc64205f942
Hf2I4-236ec74b0662,c2db,Hf2I4-236ec74b0662
agm2000110089,alexandria,Hf2I4-236ec74b0662
Hf2O6-e464c4b902d8,c2db,Hf2O6-e464c4b902d8
agm2000110306,alexandria,Hf2O6-e464c4b902d8
Hf2Ti2Te8-e5661cc69af0,c2db,Hf2Ti2Te8-e5661cc69af0
agm2000111707,alexandria,Hf2Ti2Te8-e5661cc69af0
Hf2Zr2S8-540829ada792,c2db,Hf2Zr2S8-540829ada792
agm2000111653,alexandria,Hf2Zr2S8-540829ada792
Hf2Zr2Se8-81af2831dbb2,c2db,Hf2Zr2Se8-81af2831dbb2
agm2000111610,alexandria,Hf2Zr2Se8-81af2831dbb2
Hf2Zr2Te8-93099006c996,c2db,Hf2Zr2Te8-93099006c996
agm2000111714,alexandria,Hf2Zr2Te8-93099006c996
HfBr2-84e9162c0c53,c2db,HfBr2-84e9162c0c53
agm2000109721,alexandria,HfBr2-84e9162c0c53
HfCl2-864f8b497185,c2db,HfCl2-864f8b497185
agm2000109825,alexandria,HfCl2-864f8b497185
HfI2-05a69240794c,c2db,HfI2-05a69240794c
agm2000110090,alexandria,HfI2-05a69240794c
HfNiBr6-f5da1fb79dd2,c2db,HfNiBr6-f5da1fb79dd2
agm2000110183,alexandria,HfNiBr6-f5da1fb79dd2
HfNiCl6-1cbc55708ee3,c2db,HfNiCl6-1cbc55708ee3
agm2000109878,alexandria,HfNiCl6-1cbc55708ee3
HfNiI6-96019ef5d6a6,c2db,HfNiI6-96019ef5d6a6
agm2000110188,alexandria,HfNiI6-96019ef5d6a6
HfSe2-7a708c5759cf,c2db,HfSe2-7a708c5759cf
JVASP-729,jarvis_dft2d,HfSe2-7a708c5759cf
agm2000007290,alexandria,HfSe2-7a708c5759cf
agm2000007291,alexandria,HfSe2-7a708c5759cf
HfTi3S8-fde2d81d10df,c2db,HfTi3S8-fde2d81d10df
agm2000110655,alexandria,HfTi3S8-fde2d81d10df
HfTi3Te8-2530a31366be,c2db,HfTi3Te8-2530a31366be
agm2000111699,alexandria,HfTi3Te8-2530a31366be
HfZr3S8-78bb1ac31c01,c2db,HfZr3S8-78bb1ac31c01
agm2000110657,alexandria,HfZr3S8-78bb1ac31c01
HfZr3Se8-70e7ab872359,c2db,HfZr3Se8-70e7ab872359
agm2000111614,alexandria,HfZr3Se8-70e7ab872359
HfZr3Te8-916e19eae465,c2db,HfZr3Te8-916e19eae465
agm2000111713,alexandria,HfZr3Te8-916e19eae465
Hg2I2-f7e70d2b90ad,c2db,Hg2I2-f7e70d2b90ad
agm2000110102,alexandria,Hg2I2-f7e70d2b90ad
Hg2P2Se6-1be2727e385c,c2db,Hg2P2Se6-1be2727e385c
agm2000111575,alexandria,Hg2P2Se6-1be2727e385c
HgBr2-2af12bd12520,c2db,HgBr2-2af12bd12520
JVASP-60484,jarvis_dft2d,HgBr2-2af12bd12520
agm2000042027,alexandria,HgBr2-2af12bd12520
agm2000111719,alexandria,HgBr2-2af12bd12520
HgBr2-978e95bef964,c2db,HgBr2-978e95bef964
agm2000009262,alexandria,HgBr2-978e95bef964
agm2000015531,alexandria,HgBr2-978e95bef964
HgBr2-9965e7e32aa2,c2db,HgBr2-9965e7e32aa2
agm2000110902,alexandria,HgBr2-9965e7e32aa2
HgCl2-ce3ed4728e8f,c2db,HgCl2-ce3ed4728e8f
agm2000009446,alexandria,HgCl2-ce3ed4728e8f
agm2000109826,alexandria,HgCl2-ce3ed4728e8f
HgI2-efa4b9d311d3,c2db,HgI2-efa4b9d311d3
agm2000044199,alexandria,HgI2-efa4b9d311d3
agm2000111769,alexandria,HgI2-efa4b9d311d3
HgS-5256ed7d716e,c2db,HgS-5256ed7d716e
agm2000002754,alexandria,HgS-5256ed7d716e
I2In2-3e7cf76994f4,c2db,I2In2-3e7cf76994f4
agm2000031353,alexandria,I2In2-3e7cf76994f4
agm2000111774,alexandria,I2In2-3e7cf76994f4
I2In2O2-7c4141b0ea1e,c2db,I2In2O2-7c4141b0ea1e
agm2000111517,alexandria,I2In2O2-7c4141b0ea1e
I2K2-5a28480fd516,c2db,I2K2-5a28480fd516
agm2000011300,alexandria,I2K2-5a28480fd516
agm2000013695,alexandria,I2K2-5a28480fd516
agm2000034324,alexandria,I2K2-5a28480fd516
I2N2Zr2-0da35ef15eab,c2db,I2N2Zr2-0da35ef15eab
JVASP-27891,jarvis_dft2d,I2N2Zr2-0da35ef15eab
agm2000111438,alexandria,I2N2Zr2-0da35ef15eab
I2O2Sc2-4e9b068d07a4,c2db,I2O2Sc2-4e9b068d07a4
agm2000062818,alexandria,I2O2Sc2-4e9b068d07a4
I2Tl2-c0f52097ab62,c2db,I2Tl2-c0f52097ab62
agm2000110103,alexandria,I2Tl2-c0f52097ab62
ISbSe-343d2125478e,c2db,ISbSe-343d2125478e
agm2000110556,alexandria,ISbSe-343d2125478e
ISbTe-052a3116531d,c2db,ISbTe-052a3116531d
agm2000110458,alexandria,ISbTe-052a3116531d
ISbTe-0f02957b17cf,c2db,ISbTe-0f02957b17cf
agm2000110459,alexandria,ISbTe-0f02957b17cf
In2Br6-d59933910be2,c2db,In2Br6-d59933910be2
agm2000110919,alexandria,In2Br6-d59933910be2
In2Cl6-8e55d0f45518,c2db,In2Cl6-8e55d0f45518
agm2000109859,alexandria,In2Cl6-8e55d0f45518
In2I6-d90f9a6ab379,c2db,In2I6-d90f9a6ab379
agm2000111092,alexandria,In2I6-d90f9a6ab379
In2Te2-3cf9ea4cebc4,c2db,In2Te2-3cf9ea4cebc4
agm2000110109,alexandria,In2Te2-3cf9ea4cebc4
In2Te2-fcd97ff5abcd,c2db,In2Te2-fcd97ff5abcd
agm2000110110,alexandria,In2Te2-fcd97ff5abcd
Ir2I6-cc505909d655,c2db,Ir2I6-cc505909d655
agm2000110099,alexandria,Ir2I6-cc505909d655
Ir2P2Te6-1a850181de67,c2db,Ir2P2Te6-1a850181de67
agm2000111596,alexandria,Ir2P2Te6-1a850181de67
Ir4Te8-b7f7b2f1f103,c2db,Ir4Te8-b7f7b2f1f103
agm2000110783,alexandria,Ir4Te8-b7f7b2f1f103
JVASP-13514,jarvis_dft2d,JVASP-13514
agm2000110870,alexandria,JVASP-13514
JVASP-13527,jarvis_dft2d,JVASP-13527
agm2000062803,alexandria,JVASP-13527
JVASP-13549,jarvis_dft2d,JVASP-13549
JVASP-60612,jarvis_dft2d,JVASP-13549
JVASP-76667,jarvis_dft2d,JVASP-13549
agm2000111182,alexandria,JVASP-13549
Hf2S6-240d9960ec51,c2db,JVASP-13551
JVASP-13551,jarvis_dft2d,JVASP-13551
agm2000110638,alexandria,JVASP-13551
JVASP-13590,jarvis_dft2d,JVASP-13590
agm2000110069,alexandria,JVASP-13590
JVASP-13598,jarvis_dft2d,JVASP-13598
agm2000022126,alexandria,JVASP-13598
JVASP-14420,jarvis_dft2d,JVASP-14420
JVASP-60390,jarvis_dft2d,JVASP-14420
agm2000110471,alexandria,JVASP-14420
agm2000130775,alexandria,JVASP-14420
JVASP-19989,jarvis_dft2d,JVASP-19989
agm2000029663,alexandria,JVASP-19989
JVASP-20007,jarvis_dft2d,JVASP-20007
MgCl2-85b63b2e4472,c2db,JVASP-20007
agm2000005800,alexandria,JVASP-20007
agm2000018254,alexandria,JVASP-20007
JVASP-20033,jarvis_dft2d,JVASP-20033
agm2000062750,alexandria,JVASP-20033
JVASP-27758,jarvis_dft2d,JVASP-27758
agm2000110222,alexandria,JVASP-27758
JVASP-27774,jarvis_dft2d,JVASP-27774
agm2000110234,alexandria,JVASP-27774
JVASP-27841,jarvis_dft2d,JVASP-27841
agm2000137677,alexandria,JVASP-27841
JVASP-27846,jarvis_dft2d,JVASP-27846
agm2000018680,alexandria,JVASP-27846
JVASP-27859,jarvis_dft2d,JVASP-27859
agm2000128077,alexandria,JVASP-27859
As2-2cfe371476fd,c2db,JVASP-27862
JVASP-27862,jarvis_dft2d,JVASP-27862
Hf2Se6-719c77b60be8,c2db,JVASP-27870
JVASP-27870,jarvis_dft2d,JVASP-27870
JVASP-5896,jarvis_dft2d,JVASP-27870
agm2000110498,alexandria,JVASP-27870
Ge2S2-ecbb7c185669,c2db,JVASP-27885
JVASP-27885,jarvis_dft2d,JVASP-27885
agm2000111220,alexandria,JVASP-27885
Cl2Cr2O2-f0c029f3be24,c2db,JVASP-27906
JVASP-27906,jarvis_dft2d,JVASP-27906
agm2000061969,alexandria,JVASP-27906
JVASP-27923,jarvis_dft2d,JVASP-27923
agm2000111696,alexandria,JVASP-27923
JVASP-27971,jarvis_dft2d,JVASP-27971
JVASP-60353,jarvis_dft2d,JVASP-27971
JVASP-28006,jarvis_dft2d,JVASP-28006
agm2000130870,alexandria,JVASP-28006
JVASP-28013,jarvis_dft2d,JVASP-28013
agm2000008895,alexandria,JVASP-28013
agm2000010334,alexandria,JVASP-28013
agm2000024280,alexandria,JVASP-28013
JVASP-28028,jarvis_dft2d,JVASP-28028
agm2000110279,alexandria,JVASP-28028
JVASP-28046,jarvis_dft2d,JVASP-28046
agm2000110380,alexandria,JVASP-28046
JVASP-28065,jarvis_dft2d,JVASP-28065
agm2000110405,alexandria,JVASP-28065
As4-ff6eb167410f,c2db,JVASP-31349
JVASP-31349,jarvis_dft2d,JVASP-31349
agm2000000018,alexandria,JVASP-31349
Bi2Se3-709937cca934,c2db,JVASP-31373
JVASP-31373,jarvis_dft2d,JVASP-31373
agm2000111169,alexandria,JVASP-31373
JVASP-31374,jarvis_dft2d,JVASP-31374
agm2000110217,alexandria,JVASP-31374
JVASP-31377,jarvis_dft2d,JVASP-31377
agm2000111478,alexandria,JVASP-31377
JVASP-5905,jarvis_dft2d,JVASP-5905
agm2000041837,alexandria,JVASP-5905
JVASP-5914,jarvis_dft2d,JVASP-5914
Re4Se8-c3bc24117d8e,c2db,JVASP-5914
agm2000110486,alexandria,JVASP-5914
Ga2S2-ac002f4ce724,c2db,JVASP-5944
JVASP-5944,jarvis_dft2d,JVASP-5944
agm2000110715,alexandria,JVASP-5944
JVASP-5965,jarvis_dft2d,JVASP-5965
MgI2-440644551de5,c2db,JVASP-5965
agm2000008709,alexandria,JVASP-5965
agm2000110131,alexandria,JVASP-5965
JVASP-5968,jarvis_dft2d,JVASP-5968
Sb2I6-d7ab89c33511,c2db,JVASP-5968
agm2000110456,alexandria,JVASP-5968
JVASP-6019,jarvis_dft2d,JVASP-6019
Zr2Se6-150e33f95933,c2db,JVASP-6019
agm2000110507,alexandria,JVASP-6019
JVASP-6022,jarvis_dft2d,JVASP-6022
JVASP-60488,jarvis_dft2d,JVASP-6022
Re4S8-627997a105e1,c2db,JVASP-6022
agm2000110618,alexandria,JVASP-6022
JVASP-60241,jarvis_dft2d,JVASP-60241
agm2000111475,alexandria,JVASP-60241
JVASP-60261,jarvis_dft2d,JVASP-60261
agm2000002606,alexandria,JVASP-60261
agm2000010815,alexandria,JVASP-60261
agm2000043363,alexandria,JVASP-60261
JVASP-27739,jarvis_dft2d,JVASP-60291
JVASP-60291,jarvis_dft2d,JVASP-60291
JVASP-60293,jarvis_dft2d,JVASP-60293
agm2000111138,alexandria,JVASP-60293
JVASP-27741,jarvis_dft2d,JVASP-60301
JVASP-60301,jarvis_dft2d,JVASP-60301
JVASP-20017,jarvis_dft2d,JVASP-6031
JVASP-6031,jarvis_dft2d,JVASP-6031
MnI2-49cdfdc22d83,c2db,JVASP-6031
agm2000110138,alexandria,JVASP-6031
JVASP-20044,jarvis_dft2d,JVASP-60346
JVASP-60346,jarvis_dft2d,JVASP-60346
agm2000102021,alexandria,JVASP-60346
JVASP-60365,jarvis_dft2d,JVASP-60365
JVASP-6319,jarvis_dft2d,JVASP-60365
JVASP-76420,jarvis_dft2d,JVASP-60365
agm2000110576,alexandria,JVASP-60365
JVASP-6040,jarvis_dft2d,JVASP-6040
MgBr2-702277c8c7ed,c2db,JVASP-6040
agm2000008707,alexandria,JVASP-6040
agm2000124617,alexandria,JVASP-6040
JVASP-60440,jarvis_dft2d,JVASP-60440
agm2000110091,alexandria,JVASP-60440
JVASP-60447,jarvis_dft2d,JVASP-60447
JVASP-6379,jarvis_dft2d,JVASP-60447
agm2000110165,alexandria,JVASP-60447
JVASP-60454,jarvis_dft2d,JVASP-60454
agm2000109862,alexandria,JVASP-60454
JVASP-60467,jarvis_dft2d,JVASP-60467
agm2000109737,alexandria,JVASP-60467
JVASP-60473,jarvis_dft2d,JVASP-60473
JVASP-76528,jarvis_dft2d,JVASP-60473
JVASP-60494,jarvis_dft2d,JVASP-60494
JVASP-76549,jarvis_dft2d,JVASP-60494
JVASP-60495,jarvis_dft2d,JVASP-60495
agm2000110256,alexandria,JVASP-60495
JVASP-60512,jarvis_dft2d,JVASP-60512
JVASP-76567,jarvis_dft2d,JVASP-60512
JVASP-13523,jarvis_dft2d,JVASP-60530
JVASP-60530,jarvis_dft2d,JVASP-60530
JVASP-60549,jarvis_dft2d,JVASP-60549
JVASP-76604,jarvis_dft2d,JVASP-60549
JVASP-13525,jarvis_dft2d,JVASP-60552
JVASP-60552,jarvis_dft2d,JVASP-60552
JVASP-60553,jarvis_dft2d,JVASP-60553
JVASP-76608,jarvis_dft2d,JVASP-60553
JVASP-13526,jarvis_dft2d,JVASP-60558
JVASP-60558,jarvis_dft2d,JVASP-60558
JVASP-76613,jarvis_dft2d,JVASP-60558
JVASP-13535,jarvis_dft2d,JVASP-60582
JVASP-60582,jarvis_dft2d,JVASP-60582
JVASP-76637,jarvis_dft2d,JVASP-60582
JVASP-6064,jarvis_dft2d,JVASP-6064
MnCl2-81a2afdb71c1,c2db,JVASP-6064
agm2000004637,alexandria,JVASP-6064
agm2000123610,alexandria,JVASP-6064
JVASP-6067,jarvis_dft2d,JVASP-6067
MnBr2-2afc82f66833,c2db,JVASP-6067
agm2000008717,alexandria,JVASP-6067
agm2000039838,alexandria,JVASP-6067
agm2000110134,alexandria,JVASP-6067
JVASP-6085,jarvis_dft2d,JVASP-6085
Rh2Br6-e56454dbf5b1,c2db,JVASP-6085
agm2000109740,alexandria,JVASP-6085
JVASP-60460,jarvis_dft2d,JVASP-6094
JVASP-6094,jarvis_dft2d,JVASP-6094
JVASP-76515,jarvis_dft2d,JVASP-6094
Ir2Cl6-8e4ef34c974b,c2db,JVASP-6136
JVASP-6136,jarvis_dft2d,JVASP-6136
agm2000109860,alexandria,JVASP-6136
JVASP-6142,jarvis_dft2d,JVASP-6142
Sc2Cl6-dbf1b04d5e0f,c2db,JVASP-6142
agm2000109867,alexandria,JVASP-6142
JVASP-6151,jarvis_dft2d,JVASP-6151
Ti2S6-5529ea42c5a9,c2db,JVASP-6151
agm2000110643,alexandria,JVASP-6151
JVASP-6157,jarvis_dft2d,JVASP-6157
agm2000137128,alexandria,JVASP-6157
JVASP-6166,jarvis_dft2d,JVASP-6166
agm2000137673,alexandria,JVASP-6166
JVASP-6169,jarvis_dft2d,JVASP-6169
agm2000137522,alexandria,JVASP-6169
JVASP-6175,jarvis_dft2d,JVASP-6175
agm2000137405,alexandria,JVASP-6175
JVASP-6178,jarvis_dft2d,JVASP-6178
agm2000136930,alexandria,JVASP-6178
Cl2N2Ti2-d1fef18803ee,c2db,JVASP-6181
JVASP-6181,jarvis_dft2d,JVASP-6181
agm2000110225,alexandria,JVASP-6181
Br2N2Ti2-bbcb5bbdd462,c2db,JVASP-6184
JVASP-6184,jarvis_dft2d,JVASP-6184
agm2000110252,alexandria,JVASP-6184
JVASP-6196,jarvis_dft2d,JVASP-6196
agm2000137586,alexandria,JVASP-6196
JVASP-6205,jarvis_dft2d,JVASP-6205
agm2000062956,alexandria,JVASP-6205
JVASP-6214,jarvis_dft2d,JVASP-6214
agm2000062010,alexandria,JVASP-6214
JVASP-6217,jarvis_dft2d,JVASP-6217
agm2000136980,alexandria,JVASP-6217
JVASP-6220,jarvis_dft2d,JVASP-6220
agm2000137030,alexandria,JVASP-6220
BiITe-2d41b3dd1772,c2db,JVASP-6229
JVASP-6229,jarvis_dft2d,JVASP-6229
agm2000110804,alexandria,JVASP-6229
JVASP-6250,jarvis_dft2d,JVASP-6250
agm2000136998,alexandria,JVASP-6250
JVASP-6256,jarvis_dft2d,JVASP-6256
agm2000110594,alexandria,JVASP-6256
agm2000130825,alexandria,JVASP-6256
JVASP-6259,jarvis_dft2d,JVASP-6259
agm2000062017,alexandria,JVASP-6259
JVASP-6262,jarvis_dft2d,JVASP-6262
agm2000111340,alexandria,JVASP-6262
I2N2Ti2-46ee28088a80,c2db,JVASP-6268
JVASP-6268,jarvis_dft2d,JVASP-6268
agm2000110253,alexandria,JVASP-6268
JVASP-6274,jarvis_dft2d,JVASP-6274
SBi2Te2-fe3f31afca68,c2db,JVASP-6274
agm2000110756,alexandria,JVASP-6274
JVASP-6298,jarvis_dft2d,JVASP-6298
SeBi2Te2-a4c0cfe98b2a,c2db,JVASP-6298
agm2000110562,alexandria,JVASP-6298
JVASP-6313,jarvis_dft2d,JVASP-6313
agm2000109690,alexandria,JVASP-6313
JVASP-6292,jarvis_dft2d,JVASP-6316
JVASP-6316,jarvis_dft2d,JVASP-6316
agm2000111589,alexandria,JVASP-6316
JVASP-6325,jarvis_dft2d,JVASP-6325
agm2000110430,alexandria,JVASP-6325
JVASP-6343,jarvis_dft2d,JVASP-6343
agm2000082306,alexandria,JVASP-6343
JVASP-6346,jarvis_dft2d,JVASP-6346
agm2000137624,alexandria,JVASP-6346
JVASP-6352,jarvis_dft2d,JVASP-6352
agm2000110404,alexandria,JVASP-6352
JVASP-6355,jarvis_dft2d,JVASP-6355
agm2000137607,alexandria,JVASP-6355
JVASP-6358,jarvis_dft2d,JVASP-6358
agm2000110640,alexandria,JVASP-6358
JVASP-6367,jarvis_dft2d,JVASP-6367
agm2000083229,alexandria,JVASP-6367
JVASP-6370,jarvis_dft2d,JVASP-6370
agm2000110403,alexandria,JVASP-6370
JVASP-6382,jarvis_dft2d,JVASP-6382
agm2000109880,alexandria,JVASP-6382
JVASP-6385,jarvis_dft2d,JVASP-6385
agm2000110401,alexandria,JVASP-6385
JVASP-6427,jarvis_dft2d,JVASP-6427
agm2000110500,alexandria,JVASP-6427
JVASP-6499,jarvis_dft2d,JVASP-6499
agm2000110163,alexandria,JVASP-6499
JVASP-652,jarvis_dft2d,JVASP-652
WSe2-1cfbe6183886,c2db,JVASP-652
agm2000003547,alexandria,JVASP-652
JVASP-664,jarvis_dft2d,JVASP-664
MoS2-b3b4685fb6e1,c2db,JVASP-664
agm2000003607,alexandria,JVASP-664
JVASP-19999,jarvis_dft2d,JVASP-6706
JVASP-5995,jarvis_dft2d,JVASP-6706
JVASP-60385,jarvis_dft2d,JVASP-6706
JVASP-60442,jarvis_dft2d,JVASP-6706
JVASP-60491,jarvis_dft2d,JVASP-6706
JVASP-60493,jarvis_dft2d,JVASP-6706
JVASP-60526,jarvis_dft2d,JVASP-6706
JVASP-6706,jarvis_dft2d,JVASP-6706
JVASP-76440,jarvis_dft2d,JVASP-6706
JVASP-76548,jarvis_dft2d,JVASP-6706
JVASP-76581,jarvis_dft2d,JVASP-6706
JVASP-6721,jarvis_dft2d,JVASP-6721
agm2000136209,alexandria,JVASP-6721
HgI2-7c2657e15a6f,c2db,JVASP-6739
JVASP-6739,jarvis_dft2d,JVASP-6739
agm2000009991,alexandria,JVASP-6739
JVASP-6751,jarvis_dft2d,JVASP-6751
PbBr2-0dc6977a707b,c2db,JVASP-6751
agm2000042043,alexandria,JVASP-6751
agm2000109723,alexandria,JVASP-6751
CdI2-b474b300c0f6,c2db,JVASP-6769
JVASP-6769,jarvis_dft2d,JVASP-6769
agm2000008517,alexandria,JVASP-6769
agm2000109808,alexandria,JVASP-6769
JVASP-6793,jarvis_dft2d,JVASP-6793
agm2000110662,alexandria,JVASP-6793
JVASP-6796,jarvis_dft2d,JVASP-6796
agm2000110530,alexandria,JVASP-6796
JVASP-6799,jarvis_dft2d,JVASP-6799
agm2000110803,alexandria,JVASP-6799
H2Si2-8d6b4834e8cd,c2db,JVASP-6808
JVASP-6808,jarvis_dft2d,JVASP-6808
JVASP-6814,jarvis_dft2d,JVASP-6814
agm2000110216,alexandria,JVASP-6814
JVASP-6829,jarvis_dft2d,JVASP-6829
agm2000062768,alexandria,JVASP-6829
JVASP-6841,jarvis_dft2d,JVASP-6841
TiSe2-509ef368050d,c2db,JVASP-6841
agm2000003703,alexandria,JVASP-6841
agm2000030421,alexandria,JVASP-6841
JVASP-689,jarvis_dft2d,JVASP-689
ZrS2-8913f4e54692,c2db,JVASP-689
agm2000009027,alexandria,JVASP-689
agm2000125673,alexandria,JVASP-689
JVASP-27978,jarvis_dft2d,JVASP-6922
JVASP-6922,jarvis_dft2d,JVASP-6922
MnO2-5cbde8fd417d,c2db,JVASP-6922
agm2000018450,alexandria,JVASP-6922
agm2000110275,alexandria,JVASP-6922
JVASP-6931,jarvis_dft2d,JVASP-6931
agm2000109839,alexandria,JVASP-6931
agm2000130684,alexandria,JVASP-6931
JVASP-6481,jarvis_dft2d,JVASP-6979
JVASP-6979,jarvis_dft2d,JVASP-6979
AlN-4fcd8dcb9c90,c2db,JVASP-7012
JVASP-19988,jarvis_dft2d,JVASP-7012
JVASP-7012,jarvis_dft2d,JVASP-7012
JVASP-7015,jarvis_dft2d,JVASP-7015
NiSe2-c1ffa88ee5ca,c2db,JVASP-7015
agm2000110192,alexandria,JVASP-7015
JVASP-7060,jarvis_dft2d,JVASP-7060
JVASP-771,jarvis_dft2d,JVASP-7060
TiS2-69e1739b4521,c2db,JVASP-7060
agm2000017467,alexandria,JVASP-7060
HfS2-d48ddb34811e,c2db,JVASP-728
JVASP-728,jarvis_dft2d,JVASP-728
agm2000018785,alexandria,JVASP-728
agm2000110603,alexandria,JVASP-728
JVASP-741,jarvis_dft2d,JVASP-741
PtS2-77caffd1d3ed,c2db,JVASP-741
agm2000007658,alexandria,JVASP-741
JVASP-744,jarvis_dft2d,JVASP-744
PtSe2-d000f0288397,c2db,JVASP-744
agm2000018686,alexandria,JVASP-744
agm2000125436,alexandria,JVASP-744
JVASP-75048,jarvis_dft2d,JVASP-75048
agm2000111170,alexandria,JVASP-75048
JVASP-75083,jarvis_dft2d,JVASP-75083
agm2000110325,alexandria,JVASP-75083
JVASP-75089,jarvis_dft2d,JVASP-75089
agm2000110406,alexandria,JVASP-75089
JVASP-75132,jarvis_dft2d,JVASP-75132
agm2000111314,alexandria,JVASP-75132
JVASP-75153,jarvis_dft2d,JVASP-75153
agm2000109705,alexandria,JVASP-75153
JVASP-75174,jarvis_dft2d,JVASP-75174
agm2000110316,alexandria,JVASP-75174
JVASP-75198,jarvis_dft2d,JVASP-75198
agm2000110315,alexandria,JVASP-75198
JVASP-75215,jarvis_dft2d,JVASP-75215
agm2000024701,alexandria,JVASP-75215
agm2000110859,alexandria,JVASP-75215
JVASP-75282,jarvis_dft2d,JVASP-75282
agm2000130941,alexandria,JVASP-75282
JVASP-75366,jarvis_dft2d,JVASP-75366
agm2000110411,alexandria,JVASP-75366
JVASP-756,jarvis_dft2d,JVASP-756
JVASP-759,jarvis_dft2d,JVASP-756
SnS2-42a44e4e7298,c2db,JVASP-756
agm2000125662,alexandria,JVASP-756
JVASP-762,jarvis_dft2d,JVASP-762
SnSe2-2c6d4c024ca0,c2db,JVASP-762
agm2000125442,alexandria,JVASP-762
JVASP-5983,jarvis_dft2d,JVASP-76290
JVASP-60235,jarvis_dft2d,JVASP-76290
JVASP-76290,jarvis_dft2d,JVASP-76290
JVASP-9572,jarvis_dft2d,JVASP-76290
P4-276f0a298324,c2db,JVASP-76290
agm2000000335,alexandria,JVASP-76290
JVASP-60242,jarvis_dft2d,JVASP-76297
JVASP-76297,jarvis_dft2d,JVASP-76297
Br2Cu2-c8531601b146,c2db,JVASP-76312
JVASP-60257,jarvis_dft2d,JVASP-76312
JVASP-76312,jarvis_dft2d,JVASP-76312
agm2000009738,alexandria,JVASP-76312
agm2000031089,alexandria,JVASP-76312
agm2000036711,alexandria,JVASP-76312
JVASP-60264,jarvis_dft2d,JVASP-76319
JVASP-76319,jarvis_dft2d,JVASP-76319
JVASP-76343,jarvis_dft2d,JVASP-76343
JVASP-78002,jarvis_dft2d,JVASP-76343
JVASP-27740,jarvis_dft2d,JVASP-76355
JVASP-60300,jarvis_dft2d,JVASP-76355
JVASP-76355,jarvis_dft2d,JVASP-76355
agm2000022122,alexandria,JVASP-76355
JVASP-60322,jarvis_dft2d,JVASP-76377
JVASP-76377,jarvis_dft2d,JVASP-76377
agm2000110579,alexandria,JVASP-76377
Br2Hf2N2-429f38307441,c2db,JVASP-76508
JVASP-60453,jarvis_dft2d,JVASP-76508
JVASP-76508,jarvis_dft2d,JVASP-76508
agm2000110215,alexandria,JVASP-76508
JVASP-60507,jarvis_dft2d,JVASP-76562
JVASP-76562,jarvis_dft2d,JVASP-76562
JVASP-60543,jarvis_dft2d,JVASP-76598
JVASP-76598,jarvis_dft2d,JVASP-76598
agm2000110399,alexandria,JVASP-76598
JVASP-60564,jarvis_dft2d,JVASP-76619
JVASP-76619,jarvis_dft2d,JVASP-76619
JVASP-60573,jarvis_dft2d,JVASP-76628
JVASP-76628,jarvis_dft2d,JVASP-76628
JVASP-60579,jarvis_dft2d,JVASP-76634
JVASP-76634,jarvis_dft2d,JVASP-76634
JVASP-60585,jarvis_dft2d,JVASP-76640
JVASP-76640,jarvis_dft2d,JVASP-76640
JVASP-77598,jarvis_dft2d,JVASP-77598
PbTe-3bc08d486d65,c2db,JVASP-77598
JVASP-77643,jarvis_dft2d,JVASP-77643
agm2000011881,alexandria,JVASP-77643
agm2000032143,alexandria,JVASP-77643
JVASP-77658,jarvis_dft2d,JVASP-77658
agm2000003752,alexandria,JVASP-77658
JVASP-77663,jarvis_dft2d,JVASP-77663
agm2000110085,alexandria,JVASP-77663
JVASP-5902,jarvis_dft2d,JVASP-77671
JVASP-77671,jarvis_dft2d,JVASP-77671
TiO2-08ea3807f888,c2db,JVASP-77671
agm2000018462,alexandria,JVASP-77671
agm2000111784,alexandria,JVASP-77671
JVASP-78010,jarvis_dft2d,JVASP-78010
agm2000110502,alexandria,JVASP-78010
Cu2I2-48470661aab1,c2db,JVASP-78013
JVASP-78013,jarvis_dft2d,JVASP-78013
agm2000008317,alexandria,JVASP-78013
agm2000038837,alexandria,JVASP-78013
JVASP-792,jarvis_dft2d,JVASP-792
Zr2S6-ca713875183d,c2db,JVASP-792
agm2000110644,alexandria,JVASP-792
JVASP-8894,jarvis_dft2d,JVASP-8894
agm2000136141,alexandria,JVASP-8894
JVASP-8951,jarvis_dft2d,JVASP-8951
agm2000062810,alexandria,JVASP-8951
JVASP-9059,jarvis_dft2d,JVASP-9059
agm2000062557,alexandria,JVASP-9059
JVASP-9065,jarvis_dft2d,JVASP-9065
agm2000062554,alexandria,JVASP-9065
JVASP-27958,jarvis_dft2d,MgH2O2-aae66ddf6472
MgH2O2-aae66ddf6472,c2db,MgH2O2-aae66ddf6472
agm2000110051,alexandria,MgH2O2-aae66ddf6472
MnBr2-6e4f4724ab75,c2db,MnBr2-6e4f4724ab75
agm2000010186,alexandria,MnBr2-6e4f4724ab75
agm2000010187,alexandria,MnBr2-6e4f4724ab75
MnCl2-8eec64049548,c2db,MnCl2-8eec64049548
agm2000009452,alexandria,MnCl2-8eec64049548
agm2000019560,alexandria,MnCl2-8eec64049548
agm2000109828,alexandria,MnCl2-8eec64049548
MnI2-c37f0a810838,c2db,MnI2-c37f0a810838
agm2000005874,alexandria,MnI2-c37f0a810838
agm2000010197,alexandria,MnI2-c37f0a810838
Mo2Cl6-61d74efeaeeb,c2db,Mo2Cl6-61d74efeaeeb
agm2000109863,alexandria,Mo2Cl6-61d74efeaeeb
Mo2W2Se8-a1d716aad84d,c2db,Mo2W2Se8-a1d716aad84d
agm2000111608,alexandria,Mo2W2Se8-a1d716aad84d
Mo2W2Te8-c04fc052f2ca,c2db,Mo2W2Te8-c04fc052f2ca
agm2000111408,alexandria,Mo2W2Te8-c04fc052f2ca
MoAg2S4-65c1c4665d99,c2db,MoAg2S4-65c1c4665d99
agm2000111647,alexandria,MoAg2S4-65c1c4665d99
MoAg2Se4-e20f318fc059,c2db,MoAg2Se4-e20f318fc059
agm2000111607,alexandria,MoAg2Se4-e20f318fc059
MoCr3S8-3fb52099b370,c2db,MoCr3S8-3fb52099b370
agm2000111654,alexandria,MoCr3S8-3fb52099b370
MoCr3Te8-899032b4ad0c,c2db,MoCr3Te8-899032b4ad0c
agm2000111354,alexandria,MoCr3Te8-899032b4ad0c
MoW3S8-2f6f133abcc8,c2db,MoW3S8-2f6f133abcc8
agm2000111659,alexandria,MoW3S8-2f6f133abcc8
MoW3Te8-5c3fe56a1a89,c2db,MoW3Te8-5c3fe56a1a89
agm2000111409,alexandria,MoW3Te8-5c3fe56a1a89
N2C6-375230208918,c2db,N2C6-375230208918
agm2000110941,alexandria,N2C6-375230208918
N2O2Zr3-c317fbd68215,c2db,N2O2Zr3-c317fbd68215
agm2000110211,alexandria,N2O2Zr3-c317fbd68215
Nb2P2S6-c9aa3a9d876c,c2db,Nb2P2S6-c9aa3a9d876c
agm2000110420,alexandria,Nb2P2S6-c9aa3a9d876c
Ni2S4-f295a651d590,c2db,Ni2S4-f295a651d590
agm2000111201,alexandria,Ni2S4-f295a651d590
Ni2Se4-d3aef0ef49cc,c2db,Ni2Se4-d3aef0ef49cc
agm2000111119,alexandria,Ni2Se4-d3aef0ef49cc
JVASP-60290,jarvis_dft2d,NiBr2-7b8108883def
JVASP-8945,jarvis_dft2d,NiBr2-7b8108883def
NiBr2-7b8108883def,c2db,NiBr2-7b8108883def
agm2000016969,alexandria,NiBr2-7b8108883def
agm2000110182,alexandria,NiBr2-7b8108883def
JVASP-60287,jarvis_dft2d,NiCl2-3ad667c285e2
JVASP-76342,jarvis_dft2d,NiCl2-3ad667c285e2
NiCl2-3ad667c285e2,c2db,NiCl2-3ad667c285e2
agm2000109831,alexandria,NiCl2-3ad667c285e2
JVASP-27920,jarvis_dft2d,NiI2-0e87e38a2099
NiI2-0e87e38a2099,c2db,NiI2-0e87e38a2099
agm2000018313,alexandria,NiI2-0e87e38a2099
agm2000124889,alexandria,NiI2-0e87e38a2099
JVASP-28295,jarvis_dft2d,NiS2-c07043374f26
NiS2-c07043374f26,c2db,NiS2-c07043374f26
agm2000110611,alexandria,NiS2-c07043374f26
OSb2Se2-e778cdf6e967,c2db,OSb2Se2-e778cdf6e967
agm2000111529,alexandria,OSb2Se2-e778cdf6e967
P2Pb2S6-7cf77f91eef0,c2db,P2Pb2S6-7cf77f91eef0
agm2000111560,alexandria,P2Pb2S6-7cf77f91eef0
P2Pb2Se6-1811d52ac455,c2db,P2Pb2Se6-1811d52ac455
agm2000111580,alexandria,P2Pb2Se6-1811d52ac455
P2Pd2S6-8f893a677af5,c2db,P2Pd2S6-8f893a677af5
agm2000110423,alexandria,P2Pd2S6-8f893a677af5
P2Rh2Se6-c10e77a99b6c,c2db,P2Rh2Se6-c10e77a99b6c
agm2000111582,alexandria,P2Rh2Se6-c10e77a99b6c
P2Rh2Te6-0f1f68e6fa79,c2db,P2Rh2Te6-0f1f68e6fa79
agm2000111550,alexandria,P2Rh2Te6-0f1f68e6fa79
P2Ru2S6-9caed1a0620c,c2db,P2Ru2S6-9caed1a0620c
agm2000111562,alexandria,P2Ru2S6-9caed1a0620c
P2Sb2Te6-82b85dfd7723,c2db,P2Sb2Te6-82b85dfd7723
agm2000111569,alexandria,P2Sb2Te6-82b85dfd7723
P2Sc2S6-bc8b8c21ad4f,c2db,P2Sc2S6-bc8b8c21ad4f
agm2000110425,alexandria,P2Sc2S6-bc8b8c21ad4f
P2Sc2Se6-093920d00119,c2db,P2Sc2Se6-093920d00119
agm2000110431,alexandria,P2Sc2Se6-093920d00119
P2Sn2S6-aa34f4a1c451,c2db,P2Sn2S6-aa34f4a1c451
agm2000111563,alexandria,P2Sn2S6-aa34f4a1c451
P2Sn2Se6-a056ab5346bf,c2db,P2Sn2Se6-a056ab5346bf
agm2000111585,alexandria,P2Sn2Se6-a056ab5346bf
JVASP-75148,jarvis_dft2d,P2Zn2S6-7acea360f955
P2Zn2S6-7acea360f955,c2db,P2Zn2S6-7acea360f955
agm2000110428,alexandria,P2Zn2S6-7acea360f955
P2Zn2Se6-80919996ffa8,c2db,P2Zn2Se6-80919996ffa8
agm2000110440,alexandria,P2Zn2Se6-80919996ffa8
P2Zn2Te6-eec4f1768dac,c2db,P2Zn2Te6-eec4f1768dac
agm2000111601,alexandria,P2Zn2Te6-eec4f1768dac
Pb2S4-13a422bdb0e1,c2db,Pb2S4-13a422bdb0e1
agm2000111202,alexandria,Pb2S4-13a422bdb0e1
Pb2Te4-9bd929fede8e,c2db,Pb2Te4-9bd929fede8e
agm2000111231,alexandria,Pb2Te4-9bd929fede8e
PbBr2-cbdc15b42a05,c2db,PbBr2-cbdc15b42a05
agm2000002875,alexandria,PbBr2-cbdc15b42a05
agm2000008482,alexandria,PbBr2-cbdc15b42a05
PbS2-372c217dd52f,c2db,PbS2-372c217dd52f
agm2000110613,alexandria,PbS2-372c217dd52f
JVASP-720,jarvis_dft2d,Pd2S4-b53de4491ef5
Pd2S4-b53de4491ef5,c2db,Pd2S4-b53de4491ef5
agm2000111203,alexandria,Pd2S4-b53de4491ef5
Pd2Te4-7af34a9daaff,c2db,Pd2Te4-7af34a9daaff
agm2000111143,alexandria,Pd2Te4-7af34a9daaff
PdBr2-724e74d0941a,c2db,PdBr2-724e74d0941a
agm2000109726,alexandria,PdBr2-724e74d0941a
PdO2-de604d79f9c3,c2db,PdO2-de604d79f9c3
agm2000045789,alexandria,PdO2-de604d79f9c3
agm2000110284,alexandria,PdO2-de604d79f9c3
Re4O8-7ae3f753661d,c2db,Re4O8-7ae3f753661d
agm2000110286,alexandria,Re4O8-7ae3f753661d
JVASP-6148,jarvis_dft2d,Rh2Cl6-2c405e8c0414
Rh2Cl6-2c405e8c0414,c2db,Rh2Cl6-2c405e8c0414
agm2000109865,alexandria,Rh2Cl6-2c405e8c0414
Rh2I6-cead7a19c832,c2db,Rh2I6-cead7a19c832
agm2000110446,alexandria,Rh2I6-cead7a19c832
RuBr2-88699c6d39e3,c2db,RuBr2-88699c6d39e3
agm2000109728,alexandria,RuBr2-88699c6d39e3
agm2000123353,alexandria,RuBr2-88699c6d39e3
RuI2-9aaf5722abcc,c2db,RuI2-9aaf5722abcc
agm2000111147,alexandria,RuI2-9aaf5722abcc
agm2000125294,alexandria,RuI2-9aaf5722abcc
SSb2Se2-7c436126f878,c2db,SSb2Se2-7c436126f878
agm2000111686,alexandria,SSb2Se2-7c436126f878
SSb2Te2-46c4fdc6b66a,c2db,SSb2Te2-46c4fdc6b66a
agm2000111685,alexandria,SSb2Te2-46c4fdc6b66a
SSeW-001e03f2c095,c2db,SSeW-001e03f2c095
agm2000110752,alexandria,SSeW-001e03f2c095
SSeZr-1a9901838600,c2db,SSeZr-1a9901838600
agm2000110753,alexandria,SSeZr-1a9901838600
SSeZr-2be14f373da0,c2db,SSeZr-2be14f373da0
agm2000083387,alexandria,SSeZr-2be14f373da0
agm2000111688,alexandria,SSeZr-2be14f373da0
STeTi-be00293bffd6,c2db,STeTi-be00293bffd6
agm2000110765,alexandria,STeTi-be00293bffd6
STeZr-3f3c7bc0ce7d,c2db,STeZr-3f3c7bc0ce7d
agm2000110777,alexandria,STeZr-3f3c7bc0ce7d
Sb2S3-37e5cfa7f658,c2db,Sb2S3-37e5cfa7f658
agm2000111216,alexandria,Sb2S3-37e5cfa7f658
Sb2Se3-d07765390360,c2db,Sb2Se3-d07765390360
agm2000008989,alexandria,Sb2Se3-d07765390360
agm2000110504,alexandria,Sb2Se3-d07765390360
JVASP-27724,jarvis_dft2d,Sb2Te3-3e3e0acdba55
Sb2Te3-3e3e0acdba55,c2db,Sb2Te3-3e3e0acdba55
agm2000110455,alexandria,Sb2Te3-3e3e0acdba55
ScCl2-945f3bbaeedc,c2db,ScCl2-945f3bbaeedc
agm2000109838,alexandria,ScCl2-945f3bbaeedc
ScI2-d71a8b9a636e,c2db,ScI2-d71a8b9a636e
agm2000110463,alexandria,ScI2-d71a8b9a636e
JVASP-5929,jarvis_dft2d,Se2Sn2-95443c1cf2fb
JVASP-6025,jarvis_dft2d,Se2Sn2-95443c1cf2fb
JVASP-6028,jarvis_dft2d,Se2Sn2-95443c1cf2fb
JVASP-60604,jarvis_dft2d,Se2Sn2-95443c1cf2fb
JVASP-76659,jarvis_dft2d,Se2Sn2-95443c1cf2fb
Se2Sn2-95443c1cf2fb,c2db,Se2Sn2-95443c1cf2fb
agm2000007527,alexandria,Se2Sn2-95443c1cf2fb
agm2000035648,alexandria,Se2Sn2-95443c1cf2fb
Se2Tl2-16490f81af26,c2db,Se2Tl2-16490f81af26
agm2000110567,alexandria,Se2Tl2-16490f81af26
Se2Tl2-625697b299d1,c2db,Se2Tl2-625697b299d1
agm2000110568,alexandria,Se2Tl2-625697b299d1
Se2Zn2-4349b5bd2e79,c2db,Se2Zn2-4349b5bd2e79
agm2000021956,alexandria,Se2Zn2-4349b5bd2e79
agm2000110858,alexandria,Se2Zn2-4349b5bd2e79
SeS2Sb2-ca777fa17a63,c2db,SeS2Sb2-ca777fa17a63
agm2000068525,alexandria,SeS2Sb2-ca777fa17a63
agm2000111641,alexandria,SeS2Sb2-ca777fa17a63
JVASP-31366,jarvis_dft2d,SeSb2Te2-915f01ae4126
JVASP-8996,jarvis_dft2d,SeSb2Te2-915f01ae4126
SeSb2Te2-915f01ae4126,c2db,SeSb2Te2-915f01ae4126
agm2000110555,alexandria,SeSb2Te2-915f01ae4126
SeTeTi-03e8a2c97f5b,c2db,SeTeTi-03e8a2c97f5b
agm2000110828,alexandria,SeTeTi-03e8a2c97f5b
SeTeZr-dd69b684c867,c2db,SeTeZr-dd69b684c867
agm2000110572,alexandria,SeTeZr-dd69b684c867
SnBr2-0155c4de2320,c2db,SnBr2-0155c4de2320
agm2000019280,alexandria,SnBr2-0155c4de2320
agm2000110908,alexandria,SnBr2-0155c4de2320
SnCl2-514a8a12dca9,c2db,SnCl2-514a8a12dca9
agm2000110964,alexandria,SnCl2-514a8a12dca9
SnCl2-b44ab946b72b,c2db,SnCl2-b44ab946b72b
agm2000017909,alexandria,SnCl2-b44ab946b72b
agm2000042544,alexandria,SnCl2-b44ab946b72b
agm2000111733,alexandria,SnCl2-b44ab946b72b
SnI2-7f0ca28e3229,c2db,SnI2-7f0ca28e3229
agm2000111185,alexandria,SnI2-7f0ca28e3229
SnI2-bf884c9076a0,c2db,SnI2-bf884c9076a0
agm2000017448,alexandria,SnI2-bf884c9076a0
agm2000110585,alexandria,SnI2-bf884c9076a0
JVASP-28296,jarvis_dft2d,SnO2-9c24e87a3dde
JVASP-750,jarvis_dft2d,SnO2-9c24e87a3dde
SnO2-9c24e87a3dde,c2db,SnO2-9c24e87a3dde
agm2000110288,alexandria,SnO2-9c24e87a3dde
SnS2-08a9307b286e,c2db,SnS2-08a9307b286e
agm2000110623,alexandria,SnS2-08a9307b286e
SnSe2-bfa429d647f9,c2db,SnSe2-bfa429d647f9
agm2000110492,alexandria,SnSe2-bfa429d647f9
SnTe2-c81de95356c1,c2db,SnTe2-c81de95356c1
agm2000111187,alexandria,SnTe2-c81de95356c1
SrBr2-2876a0cb2478,c2db,SrBr2-2876a0cb2478
agm2000029841,alexandria,SrBr2-2876a0cb2478
agm2000109729,alexandria,SrBr2-2876a0cb2478
SrBr2-a17f01139eff,c2db,SrBr2-a17f01139eff
agm2000011068,alexandria,SrBr2-a17f01139eff
agm2000042066,alexandria,SrBr2-a17f01139eff
agm2000109730,alexandria,SrBr2-a17f01139eff
SrCl2-67727fec854b,c2db,SrCl2-67727fec854b
agm2000008531,alexandria,SrCl2-67727fec854b
agm2000009473,alexandria,SrCl2-67727fec854b
agm2000042554,alexandria,SrCl2-67727fec854b
SrI2-7d9241a9f3b1,c2db,SrI2-7d9241a9f3b1
agm2000009014,alexandria,SrI2-7d9241a9f3b1
agm2000047699,alexandria,SrI2-7d9241a9f3b1
agm2000110591,alexandria,SrI2-7d9241a9f3b1
Te2Tl2-44ffc9d405b8,c2db,Te2Tl2-44ffc9d405b8
agm2000110811,alexandria,Te2Tl2-44ffc9d405b8
Te2Tl2-73117163f0e2,c2db,Te2Tl2-73117163f0e2
agm2000110812,alexandria,Te2Tl2-73117163f0e2
Te2Zn2-4e0f8a77aaf0,c2db,Te2Zn2-4e0f8a77aaf0
agm2000017674,alexandria,Te2Zn2-4e0f8a77aaf0
agm2000110861,alexandria,Te2Zn2-4e0f8a77aaf0
TeBi2S2-b59e7817764f,c2db,TeBi2S2-b59e7817764f
agm2000110627,alexandria,TeBi2S2-b59e7817764f
JVASP-6826,jarvis_dft2d,TeBi2Se2-1b60ea5085cd
TeBi2Se2-1b60ea5085cd,c2db,TeBi2Se2-1b60ea5085cd
agm2000110494,alexandria,TeBi2Se2-1b60ea5085cd
TeS2Sb2-df38f9c3a56d,c2db,TeS2Sb2-df38f9c3a56d
agm2000111640,alexandria,TeS2Sb2-df38f9c3a56d
JVASP-13509,jarvis_dft2d,TeSb2Se2-bd9858a68aa6
TeSb2Se2-bd9858a68aa6,c2db,TeSb2Se2-bd9858a68aa6
agm2000110489,alexandria,TeSb2Se2-bd9858a68aa6
Ti2Br6-e43fad8616c0,c2db,Ti2Br6-e43fad8616c0
agm2000110818,alexandria,Ti2Br6-e43fad8616c0
Ti2I4-2ba3a49daa02,c2db,Ti2I4-2ba3a49daa02
agm2000110820,alexandria,Ti2I4-2ba3a49daa02
Ti2O4-312489eced4d,c2db,Ti2O4-312489eced4d
agm2000110291,alexandria,Ti2O4-312489eced4d
Ti2Zr2S8-a99139546333,c2db,Ti2Zr2S8-a99139546333
agm2000111651,alexandria,Ti2Zr2S8-a99139546333
Ti2Zr2Te8-18e377cce57f,c2db,Ti2Zr2Te8-18e377cce57f
agm2000111710,alexandria,Ti2Zr2Te8-18e377cce57f
TiBr2-57116f9a9a4e,c2db,TiBr2-57116f9a9a4e
agm2000110817,alexandria,TiBr2-57116f9a9a4e
TiHf3Te8-1667d1443160,c2db,TiHf3Te8-1667d1443160
agm2000111708,alexandria,TiHf3Te8-1667d1443160
TiI2-088e8488f895,c2db,TiI2-088e8488f895
agm2000110821,alexandria,TiI2-088e8488f895
TiTe2-9ebfacbfe4b5,c2db,TiTe2-9ebfacbfe4b5
agm2000003704,alexandria,TiTe2-9ebfacbfe4b5
agm2000009101,alexandria,TiTe2-9ebfacbfe4b5
TiZr3S8-ec37c6657ea3,c2db,TiZr3S8-ec37c6657ea3
agm2000110656,alexandria,TiZr3S8-ec37c6657ea3
TiZr3Se8-a148361e5e9a,c2db,TiZr3Se8-a148361e5e9a
agm2000111705,alexandria,TiZr3Se8-a148361e5e9a
TiZr3Te8-4f1ab08988cc,c2db,TiZr3Te8-4f1ab08988cc
agm2000111709,alexandria,TiZr3Te8-4f1ab08988cc
Tl2Br6-ef8df28dd878,c2db,Tl2Br6-ef8df28dd878
agm2000110930,alexandria,Tl2Br6-ef8df28dd878
Tl2Cl6-428082203077,c2db,Tl2Cl6-428082203077
agm2000109869,alexandria,Tl2Cl6-428082203077
Tl2I6-18e956bdc488,c2db,Tl2I6-18e956bdc488
agm2000111084,alexandria,Tl2I6-18e956bdc488
JVASP-13546,jarvis_dft2d,VBr2-606bfb261671
VBr2-606bfb261671,c2db,VBr2-606bfb261671
agm2000008184,alexandria,VBr2-606bfb261671
agm2000125932,alexandria,VBr2-606bfb261671
JVASP-8879,jarvis_dft2d,VCl2-1ccb0b28392d
VCl2-1ccb0b28392d,c2db,VCl2-1ccb0b28392d
agm2000011118,alexandria,VCl2-1ccb0b28392d
agm2000019622,alexandria,VCl2-1ccb0b28392d
agm2000042564,alexandria,VCl2-1ccb0b28392d
agm2000123640,alexandria,VCl2-1ccb0b28392d
VTe2-45a0c1470922,c2db,VTe2-45a0c1470922
agm2000009112,alexandria,VTe2-45a0c1470922
agm2000110847,alexandria,VTe2-45a0c1470922
W2Cl6-de9b6fb4fc55,c2db,W2Cl6-de9b6fb4fc55
agm2000109871,alexandria,W2Cl6-de9b6fb4fc55
W2Cl6-eea8aee9e120,c2db,W2Cl6-eea8aee9e120
agm2000109872,alexandria,W2Cl6-eea8aee9e120
WAg2S4-b2684e86acec,c2db,WAg2S4-b2684e86acec
agm2000111643,alexandria,WAg2S4-b2684e86acec
WAg2Se4-9f6654987212,c2db,WAg2Se4-9f6654987212
agm2000111606,alexandria,WAg2Se4-9f6654987212
WAg2Te4-a9f65ead2b7c,c2db,WAg2Te4-a9f65ead2b7c
agm2000109672,alexandria,WAg2Te4-a9f65ead2b7c
WCr3S8-dc4259e69783,c2db,WCr3S8-dc4259e69783
agm2000111655,alexandria,WCr3S8-dc4259e69783
WCr3Te8-6523c349753c,c2db,WCr3Te8-6523c349753c
agm2000111357,alexandria,WCr3Te8-6523c349753c
WMo3Te8-323fb700d903,c2db,WMo3Te8-323fb700d903
agm2000111406,alexandria,WMo3Te8-323fb700d903
JVASP-658,jarvis_dft2d,WS2-64090c9845f8
WS2-64090c9845f8,c2db,WS2-64090c9845f8
agm2000003615,alexandria,WS2-64090c9845f8
agm2000009026,alexandria,WS2-64090c9845f8
JVASP-75057,jarvis_dft2d,WTe2-3c87365bc48c
WTe2-3c87365bc48c,c2db,WTe2-3c87365bc48c
agm2000003686,alexandria,WTe2-3c87365bc48c
agm2000009088,alexandria,WTe2-3c87365bc48c
Y2Cl6-7a926d84d193,c2db,Y2Cl6-7a926d84d193
agm2000109873,alexandria,Y2Cl6-7a926d84d193
YI2-ed68c71a1964,c2db,YI2-ed68c71a1964
agm2000110850,alexandria,YI2-ed68c71a1964
JVASP-27773,jarvis_dft2d,ZnCl2-1b7175e04416
ZnCl2-1b7175e04416,c2db,ZnCl2-1b7175e04416
agm2000009480,alexandria,ZnCl2-1b7175e04416
agm2000009482,alexandria,ZnCl2-1b7175e04416
agm2000022202,alexandria,ZnCl2-1b7175e04416
JVASP-60470,jarvis_dft2d,Zr2I4-a5233adfb04f
JVASP-76525,jarvis_dft2d,Zr2I4-a5233adfb04f
Zr2I4-a5233adfb04f,c2db,Zr2I4-a5233adfb04f
agm2000110864,alexandria,Zr2I4-a5233adfb04f
Zr2O6-04a84154f901,c2db,Zr2O6-04a84154f901
agm2000110314,alexandria,Zr2O6-04a84154f901
ZrHf3Te8-3663f526cdf1,c2db,ZrHf3Te8-3663f526cdf1
agm2000111715,alexandria,ZrHf3Te8-3663f526cdf1
ZrS2-1a039e022308,c2db,ZrS2-1a039e022308
agm2000003616,alexandria,ZrS2-1a039e022308
agm2000026152,alexandria,ZrS2-1a039e022308
JVASP-789,jarvis_dft2d,ZrSe2-7dc2a0a57b42
ZrSe2-7dc2a0a57b42,c2db,ZrSe2-7dc2a0a57b42
agm2000007346,alexandria,ZrSe2-7dc2a0a57b42
agm2000017221,alexandria,ZrSe2-7dc2a0a57b42
agm2000018697,alexandria,ZrSe2-7dc2a0a57b42
ZrSe2-f17029facf63,c2db,ZrSe2-f17029facf63
agm2000003548,alexandria,ZrSe2-f17029facf63
JVASP-6865,jarvis_dft2d,ZrTe2-f7ad606317e6
ZrTe2-f7ad606317e6,c2db,ZrTe2-f7ad606317e6
agm2000030447,alexandria,ZrTe2-f7ad606317e6
agm2000110868,alexandria,ZrTe2-f7ad606317e6
ZrTi3Se8-52a5e2b280d4,c2db,ZrTi3Se8-52a5e2b280d4
agm2000111698,alexandria,ZrTi3Se8-52a5e2b280d4
ZrTi3Te8-099b15e60b07,c2db,ZrTi3Te8-099b15e60b07
agm2000111700,alexandria,ZrTi3Te8-099b15e60b07
agm2000000062,alexandria,agm2000000062
agm2000000064,alexandria,agm2000000062
agm2000000104,alexandria,agm2000000105
agm2000000105,alexandria,agm2000000105
JVASP-75099,jarvis_dft2d,agm2000000197
agm2000000197,alexandria,agm2000000197
agm2000000636,alexandria,agm2000000636
agm2000000645,alexandria,agm2000000636
agm2000000647,alexandria,agm2000000647
agm2000000660,alexandria,agm2000000647
agm2000000669,alexandria,agm2000000676
agm2000000676,alexandria,agm2000000676
agm2000000828,alexandria,agm2000000842
agm2000000842,alexandria,agm2000000842
agm2000001102,alexandria,agm2000001110
agm2000001110,alexandria,agm2000001110
agm2000001137,alexandria,agm2000001138
agm2000001138,alexandria,agm2000001138
agm2000001457,alexandria,agm2000001468
agm2000001468,alexandria,agm2000001468
agm2000001622,alexandria,agm2000001622
agm2000001624,alexandria,agm2000001622
agm2000001660,alexandria,agm2000001660
agm2000001661,alexandria,agm2000001660
agm2000001835,alexandria,agm2000001857
agm2000001857,alexandria,agm2000001857
agm2000001848,alexandria,agm2000001860
agm2000001860,alexandria,agm2000001860
agm2000001867,alexandria,agm2000001867
agm2000001869,alexandria,agm2000001867
agm2000001909,alexandria,agm2000001913
agm2000001911,alexandria,agm2000001913
agm2000001913,alexandria,agm2000001913
agm2000001932,alexandria,agm2000001932
agm2000001952,alexandria,agm2000001932
agm2000001935,alexandria,agm2000001946
agm2000001946,alexandria,agm2000001946
agm2000001930,alexandria,agm2000001950
agm2000001943,alexandria,agm2000001950
agm2000001950,alexandria,agm2000001950
agm2000002026,alexandria,agm2000002026
agm2000002041,alexandria,agm2000002026
agm2000002046,alexandria,agm2000002046
agm2000002062,alexandria,agm2000002046
agm2000002170,alexandria,agm2000002170
agm2000002203,alexandria,agm2000002170
agm2000002169,alexandria,agm2000002173
agm2000002171,alexandria,agm2000002173
agm2000002173,alexandria,agm2000002173
agm2000002177,alexandria,agm2000002177
agm2000002200,alexandria,agm2000002177
agm2000002179,alexandria,agm2000002179
agm2000002198,alexandria,agm2000002179
agm2000002185,alexandria,agm2000002185
agm2000002201,alexandria,agm2000002185
agm2000002218,alexandria,agm2000002218
agm2000002237,alexandria,agm2000002218
agm2000002219,alexandria,agm2000002219
agm2000122047,alexandria,agm2000002219
agm2000002220,alexandria,agm2000002220
agm2000002221,alexandria,agm2000002220
agm2000002257,alexandria,agm2000002220
agm2000002228,alexandria,agm2000002228
agm2000002233,alexandria,agm2000002228
agm2000002229,alexandria,agm2000002229
agm2000002241,alexandria,agm2000002229
agm2000002273,alexandria,agm2000002274
agm2000002274,alexandria,agm2000002274
agm2000002279,alexandria,agm2000002274
agm2000002283,alexandria,agm2000002283
agm2000002305,alexandria,agm2000002283
agm2000002272,alexandria,agm2000002309
agm2000002306,alexandria,agm2000002309
agm2000002309,alexandria,agm2000002309
agm2000002320,alexandria,agm2000002320
agm2000002325,alexandria,agm2000002320
agm2000002321,alexandria,agm2000002322
agm2000002322,alexandria,agm2000002322
agm2000002352,alexandria,agm2000002322
agm2000002327,alexandria,agm2000002329
agm2000002329,alexandria,agm2000002329
agm2000002335,alexandria,agm2000002335
agm2000002348,alexandria,agm2000002335
agm2000002341,alexandria,agm2000002341
agm2000002350,alexandria,agm2000002341
JVASP-8936,jarvis_dft2d,agm2000002456
agm2000002456,alexandria,agm2000002456
JVASP-77583,jarvis_dft2d,agm2000002554
agm2000002554,alexandria,agm2000002554
agm2000003877,alexandria,agm2000002554
agm2000041263,alexandria,agm2000002554
agm2000002568,alexandria,agm2000002568
agm2000041688,alexandria,agm2000002568
agm2000002582,alexandria,agm2000002582
agm2000008501,alexandria,agm2000002582
agm2000002585,alexandria,agm2000002585
agm2000010794,alexandria,agm2000002585
agm2000023413,alexandria,agm2000002585
agm2000002620,alexandria,agm2000002620
agm2000005477,alexandria,agm2000002620
agm2000009955,alexandria,agm2000002620
agm2000011270,alexandria,agm2000002620
agm2000034066,alexandria,agm2000002620
agm2000002625,alexandria,agm2000002625
agm2000005629,alexandria,agm2000002625
agm2000024012,alexandria,agm2000002625
agm2000002644,alexandria,agm2000002644
agm2000010853,alexandria,agm2000002644
agm2000044807,alexandria,agm2000002644
agm2000002691,alexandria,agm2000002691
agm2000006753,alexandria,agm2000002691
agm2000011573,alexandria,agm2000002691
agm2000018530,alexandria,agm2000002691
agm2000002692,alexandria,agm2000002692
agm2000030238,alexandria,agm2000002692
agm2000002723,alexandria,agm2000002723
agm2000011688,alexandria,agm2000002723
agm2000047375,alexandria,agm2000002723
agm2000002787,alexandria,agm2000002787
agm2000030570,alexandria,agm2000002787
agm2000002845,alexandria,agm2000002845
agm2000019156,alexandria,agm2000002845
agm2000002846,alexandria,agm2000002846
agm2000126284,alexandria,agm2000002846
agm2000002862,alexandria,agm2000002862
agm2000029828,alexandria,agm2000002862
agm2000002876,alexandria,agm2000002876
agm2000017825,alexandria,agm2000002876
agm2000002878,alexandria,agm2000002878
agm2000008485,alexandria,agm2000002878
agm2000002883,alexandria,agm2000002883
agm2000015581,alexandria,agm2000002883
agm2000032812,alexandria,agm2000002883
agm2000002885,alexandria,agm2000002885
agm2000012420,alexandria,agm2000002885
agm2000002892,alexandria,agm2000002892
agm2000015621,alexandria,agm2000002892
agm2000032852,alexandria,agm2000002892
agm2000002894,alexandria,agm2000002894
agm2000015627,alexandria,agm2000002894
agm2000042189,alexandria,agm2000002894
agm2000002902,alexandria,agm2000002902
agm2000008506,alexandria,agm2000002902
agm2000015690,alexandria,agm2000002902
agm2000002906,alexandria,agm2000002906
agm2000004509,alexandria,agm2000002906
agm2000015698,alexandria,agm2000002906
agm2000032945,alexandria,agm2000002906
CaBr2-fbb623b6f288,c2db,agm2000002909
agm2000002909,alexandria,agm2000002909
agm2000029862,alexandria,agm2000002909
agm2000002910,alexandria,agm2000002910
agm2000008511,alexandria,agm2000002910
agm2000002929,alexandria,agm2000002929
agm2000008527,alexandria,agm2000002929
PbCl2-b0b142073783,c2db,agm2000002930
agm2000002930,alexandria,agm2000002930
agm2000019580,alexandria,agm2000002930
agm2000002931,alexandria,agm2000002931
agm2000123621,alexandria,agm2000002931
agm2000002940,alexandria,agm2000002940
agm2000027878,alexandria,agm2000002940
agm2000002944,alexandria,agm2000002944
agm2000008537,alexandria,agm2000002944
agm2000002949,alexandria,agm2000002949
agm2000026475,alexandria,agm2000002949
agm2000033199,alexandria,agm2000002949
agm2000002951,alexandria,agm2000002951
agm2000008540,alexandria,agm2000002951
agm2000002964,alexandria,agm2000002964
agm2000026489,alexandria,agm2000002964
agm2000030968,alexandria,agm2000002964
agm2000002979,alexandria,agm2000002979
agm2000017967,alexandria,agm2000002979
CrSe2-9a6ff6a3c41a,c2db,agm2000003006
agm2000003006,alexandria,agm2000003006
agm2000025825,alexandria,agm2000003006
agm2000003041,alexandria,agm2000003041
agm2000008598,alexandria,agm2000003041
agm2000031117,alexandria,agm2000003041
agm2000003052,alexandria,agm2000003052
agm2000018065,alexandria,agm2000003052
agm2000033755,alexandria,agm2000003052
agm2000003083,alexandria,agm2000003083
agm2000026666,alexandria,agm2000003083
agm2000003086,alexandria,agm2000003086
agm2000020334,alexandria,agm2000003086
agm2000003088,alexandria,agm2000003088
agm2000030004,alexandria,agm2000003088
agm2000003089,alexandria,agm2000003089
agm2000011253,alexandria,agm2000003089
agm2000033935,alexandria,agm2000003089
agm2000003093,alexandria,agm2000003093
agm2000030010,alexandria,agm2000003093
agm2000031226,alexandria,agm2000003093
agm2000003108,alexandria,agm2000003108
agm2000005472,alexandria,agm2000003108
agm2000005475,alexandria,agm2000003108
agm2000016468,alexandria,agm2000003108
agm2000039275,alexandria,agm2000003108
agm2000003109,alexandria,agm2000003109
agm2000018153,alexandria,agm2000003109
agm2000036860,alexandria,agm2000003109
agm2000003120,alexandria,agm2000003120
agm2000013494,alexandria,agm2000003120
agm2000031288,alexandria,agm2000003120
BaI2-c4707a226b8f,c2db,agm2000003124
agm2000003124,alexandria,agm2000003124
agm2000003125,alexandria,agm2000003125
agm2000030034,alexandria,agm2000003125
agm2000003128,alexandria,agm2000003128
agm2000026727,alexandria,agm2000003128
agm2000034158,alexandria,agm2000003128
agm2000003159,alexandria,agm2000003159
agm2000025907,alexandria,agm2000003159
agm2000034316,alexandria,agm2000003159
agm2000003161,alexandria,agm2000003161
agm2000020795,alexandria,agm2000003161
agm2000003173,alexandria,agm2000003173
agm2000020834,alexandria,agm2000003173
agm2000003177,alexandria,agm2000003177
agm2000025919,alexandria,agm2000003177
agm2000003178,alexandria,agm2000003178
agm2000005772,alexandria,agm2000003178
agm2000018241,alexandria,agm2000003178
agm2000020874,alexandria,agm2000003178
agm2000034405,alexandria,agm2000003178
agm2000003193,alexandria,agm2000003193
agm2000018261,alexandria,agm2000003193
agm2000003217,alexandria,agm2000003217
agm2000005934,alexandria,agm2000003217
agm2000010232,alexandria,agm2000003217
agm2000018290,alexandria,agm2000003217
agm2000034583,alexandria,agm2000003217
agm2000003218,alexandria,agm2000003218
agm2000008728,alexandria,agm2000003218
agm2000003221,alexandria,agm2000003221
agm2000016939,alexandria,agm2000003221
agm2000003222,alexandria,agm2000003222
agm2000008732,alexandria,agm2000003222
agm2000024190,alexandria,agm2000003222
agm2000003380,alexandria,agm2000003380
agm2000011531,alexandria,agm2000003380
agm2000003397,alexandria,agm2000003397
agm2000008860,alexandria,agm2000003397
agm2000003421,alexandria,agm2000003421
agm2000008879,alexandria,agm2000003421
agm2000003435,alexandria,agm2000003435
agm2000008891,alexandria,agm2000003435
JVASP-60566,jarvis_dft2d,agm2000003540
JVASP-649,jarvis_dft2d,agm2000003540
JVASP-76621,jarvis_dft2d,agm2000003540
MoSe2-f61b14d398c7,c2db,agm2000003540
agm2000003540,alexandria,agm2000003540
agm2000008975,alexandria,agm2000003540
agm2000003563,alexandria,agm2000003563
agm2000028914,alexandria,agm2000003563
agm2000003574,alexandria,agm2000003574
agm2000021557,alexandria,agm2000003574
agm2000003622,alexandria,agm2000003622
agm2000009032,alexandria,agm2000003622
agm2000003654,alexandria,agm2000003654
agm2000030382,alexandria,agm2000003654
agm2000032189,alexandria,agm2000003654
agm2000003701,alexandria,agm2000003701
agm2000026205,alexandria,agm2000003701
agm2000003720,alexandria,agm2000003720
agm2000026215,alexandria,agm2000003720
agm2000003721,alexandria,agm2000003721
agm2000037423,alexandria,agm2000003721
agm2000003749,alexandria,agm2000003749
agm2000008508,alexandria,agm2000003749
agm2000003756,alexandria,agm2000003756
agm2000017972,alexandria,agm2000003756
agm2000003757,alexandria,agm2000003757
agm2000025138,alexandria,agm2000003757
agm2000003767,alexandria,agm2000003767
agm2000020733,alexandria,agm2000003767
agm2000003774,alexandria,agm2000003774
agm2000008705,alexandria,agm2000003774
agm2000003776,alexandria,agm2000003776
agm2000028444,alexandria,agm2000003776
agm2000031430,alexandria,agm2000003776
agm2000003909,alexandria,agm2000003909
agm2000030571,alexandria,agm2000003909
agm2000004358,alexandria,agm2000004358
agm2000012374,alexandria,agm2000004358
agm2000004364,alexandria,agm2000004364
agm2000030763,alexandria,agm2000004364
agm2000004384,alexandria,agm2000004384
agm2000026370,alexandria,agm2000004384
agm2000036395,alexandria,agm2000004384
agm2000004390,alexandria,agm2000004390
agm2000015591,alexandria,agm2000004390
agm2000032816,alexandria,agm2000004390
agm2000004391,alexandria,agm2000004391
agm2000030777,alexandria,agm2000004391
agm2000004406,alexandria,agm2000004406
agm2000015606,alexandria,agm2000004406
agm2000032832,alexandria,agm2000004406
agm2000049120,alexandria,agm2000004406
agm2000004409,alexandria,agm2000004409
agm2000015608,alexandria,agm2000004409
agm2000004425,alexandria,agm2000004425
agm2000015620,alexandria,agm2000004425
agm2000032849,alexandria,agm2000004425
agm2000004444,alexandria,agm2000004444
agm2000015634,alexandria,agm2000004444
agm2000032868,alexandria,agm2000004444
agm2000004459,alexandria,agm2000004459
agm2000026396,alexandria,agm2000004459
agm2000004478,alexandria,agm2000004478
agm2000023404,alexandria,agm2000004478
agm2000002584,alexandria,agm2000004485
agm2000004485,alexandria,agm2000004485
agm2000015682,alexandria,agm2000004485
agm2000004492,alexandria,agm2000004492
agm2000032929,alexandria,agm2000004492
agm2000004600,alexandria,agm2000004600
agm2000033028,alexandria,agm2000004600
agm2000004601,alexandria,agm2000004601
agm2000027826,alexandria,agm2000004601
agm2000004617,alexandria,agm2000004617
agm2000030876,alexandria,agm2000004617
agm2000004684,alexandria,agm2000004684
agm2000015826,alexandria,agm2000004684
agm2000033133,alexandria,agm2000004684
agm2000004693,alexandria,agm2000004693
agm2000015839,alexandria,agm2000004693
agm2000033145,alexandria,agm2000004693
agm2000004705,alexandria,agm2000004705
agm2000019656,alexandria,agm2000004705
agm2000033157,alexandria,agm2000004705
agm2000004715,alexandria,agm2000004715
agm2000015857,alexandria,agm2000004715
agm2000004719,alexandria,agm2000004719
agm2000015861,alexandria,agm2000004719
agm2000033176,alexandria,agm2000004719
agm2000004728,alexandria,agm2000004728
agm2000015871,alexandria,agm2000004728
agm2000004734,alexandria,agm2000004734
agm2000015877,alexandria,agm2000004734
agm2000033194,alexandria,agm2000004734
agm2000004766,alexandria,agm2000004766
agm2000026483,alexandria,agm2000004766
agm2000033230,alexandria,agm2000004766
agm2000004772,alexandria,agm2000004772
agm2000015911,alexandria,agm2000004772
agm2000004776,alexandria,agm2000004776
agm2000027918,alexandria,agm2000004776
agm2000004805,alexandria,agm2000004805
agm2000026494,alexandria,agm2000004805
agm2000004827,alexandria,agm2000004827
agm2000023594,alexandria,agm2000004827
agm2000004855,alexandria,agm2000004855
agm2000026511,alexandria,agm2000004855
agm2000002597,alexandria,agm2000004882
agm2000004882,alexandria,agm2000004882
agm2000004887,alexandria,agm2000004882
agm2000017969,alexandria,agm2000004882
agm2000004886,alexandria,agm2000004886
agm2000017970,alexandria,agm2000004886
agm2000004975,alexandria,agm2000004975
agm2000026548,alexandria,agm2000004975
agm2000004986,alexandria,agm2000004986
agm2000026550,alexandria,agm2000004986
agm2000031053,alexandria,agm2000004986
agm2000005077,alexandria,agm2000005077
agm2000033608,alexandria,agm2000005077
agm2000005148,alexandria,agm2000005148
agm2000028094,alexandria,agm2000005148
agm2000005215,alexandria,agm2000005215
agm2000016275,alexandria,agm2000005215
agm2000005253,alexandria,agm2000005253
agm2000008614,alexandria,agm2000005253
agm2000043673,alexandria,agm2000005253
agm2000005332,alexandria,agm2000005332
agm2000020289,alexandria,agm2000005332
agm2000039040,alexandria,agm2000005332
agm2000005336,alexandria,agm2000005336
agm2000026652,alexandria,agm2000005336
agm2000033881,alexandria,agm2000005336
agm2000005341,alexandria,agm2000005341
agm2000020298,alexandria,agm2000005341
agm2000033884,alexandria,agm2000005341
agm2000005349,alexandria,agm2000005349
agm2000026658,alexandria,agm2000005349
agm2000005356,alexandria,agm2000005356
agm2000026662,alexandria,agm2000005356
agm2000033903,alexandria,agm2000005356
agm2000005359,alexandria,agm2000005359
agm2000026664,alexandria,agm2000005359
agm2000005372,alexandria,agm2000005372
agm2000026667,alexandria,agm2000005372
agm2000005386,alexandria,agm2000005386
agm2000016377,alexandria,agm2000005386
agm2000005390,alexandria,agm2000005390
agm2000018134,alexandria,agm2000005390
agm2000031224,alexandria,agm2000005390
agm2000005401,alexandria,agm2000005401
agm2000016381,alexandria,agm2000005401
agm2000033952,alexandria,agm2000005401
agm2000005428,alexandria,agm2000005428
agm2000016401,alexandria,agm2000005428
agm2000033990,alexandria,agm2000005428
agm2000005470,alexandria,agm2000005470
agm2000026701,alexandria,agm2000005470
agm2000034057,alexandria,agm2000005470
agm2000005501,alexandria,agm2000005501
agm2000026713,alexandria,agm2000005501
agm2000031286,alexandria,agm2000005501
agm2000005537,alexandria,agm2000005537
agm2000013515,alexandria,agm2000005537
agm2000005586,alexandria,agm2000005586
agm2000016589,alexandria,agm2000005586
agm2000005592,alexandria,agm2000005592
agm2000016597,alexandria,agm2000005592
agm2000031318,alexandria,agm2000005592
agm2000005599,alexandria,agm2000005599
agm2000026734,alexandria,agm2000005599
agm2000034196,alexandria,agm2000005599
agm2000005604,alexandria,agm2000005604
agm2000026736,alexandria,agm2000005604
agm2000003143,alexandria,agm2000005626
agm2000005626,alexandria,agm2000005626
agm2000010044,alexandria,agm2000005626
agm2000018195,alexandria,agm2000005626
agm2000034216,alexandria,agm2000005626
agm2000005630,alexandria,agm2000005630
agm2000018197,alexandria,agm2000005630
agm2000005635,alexandria,agm2000005635
agm2000016646,alexandria,agm2000005635
agm2000003148,alexandria,agm2000005658
agm2000005658,alexandria,agm2000005658
agm2000034264,alexandria,agm2000005658
agm2000034265,alexandria,agm2000005658
agm2000005661,alexandria,agm2000005661
agm2000036944,alexandria,agm2000005661
agm2000003162,alexandria,agm2000005712
agm2000005712,alexandria,agm2000005712
agm2000018215,alexandria,agm2000005712
agm2000034322,alexandria,agm2000005712
agm2000005727,alexandria,agm2000005727
agm2000008691,alexandria,agm2000005727
agm2000044530,alexandria,agm2000005727
agm2000002635,alexandria,agm2000005767
agm2000005767,alexandria,agm2000005767
agm2000008701,alexandria,agm2000005767
agm2000018234,alexandria,agm2000005767
agm2000034390,alexandria,agm2000005767
agm2000005768,alexandria,agm2000005768
agm2000008703,alexandria,agm2000005768
agm2000005807,alexandria,agm2000005807
agm2000016835,alexandria,agm2000005807
agm2000005875,alexandria,agm2000005875
agm2000028475,alexandria,agm2000005875
agm2000005939,alexandria,agm2000005939
agm2000025421,alexandria,agm2000005939
agm2000034595,alexandria,agm2000005939
agm2000005943,alexandria,agm2000005943
agm2000024188,alexandria,agm2000005943
agm2000003806,alexandria,agm2000006715
agm2000006715,alexandria,agm2000006715
agm2000006736,alexandria,agm2000006736
agm2000030511,alexandria,agm2000006736
agm2000006878,alexandria,agm2000006878
agm2000046622,alexandria,agm2000006878
agm2000006890,alexandria,agm2000006890
agm2000014314,alexandria,agm2000006890
agm2000002733,alexandria,agm2000007240
agm2000007240,alexandria,agm2000007240
agm2000024355,alexandria,agm2000007240
agm2000035289,alexandria,agm2000007240
agm2000007263,alexandria,agm2000007263
agm2000017187,alexandria,agm2000007263
agm2000007406,alexandria,agm2000007406
agm2000027307,alexandria,agm2000007406
agm2000007654,alexandria,agm2000007654
agm2000047760,alexandria,agm2000007654
agm2000007999,alexandria,agm2000007999
agm2000018909,alexandria,agm2000007999
agm2000035922,alexandria,agm2000007999
agm2000008096,alexandria,agm2000008096
agm2000027501,alexandria,agm2000008096
agm2000008111,alexandria,agm2000008111
agm2000030414,alexandria,agm2000008111
agm2000008146,alexandria,agm2000008146
agm2000027511,alexandria,agm2000008146
agm2000008250,alexandria,agm2000008250
agm2000008252,alexandria,agm2000008250
agm2000008301,alexandria,agm2000008301
agm2000022087,alexandria,agm2000008301
agm2000030736,alexandria,agm2000008301
agm2000008303,alexandria,agm2000008303
agm2000012506,alexandria,agm2000008303
agm2000008310,alexandria,agm2000008310
agm2000033360,alexandria,agm2000008310
agm2000033366,alexandria,agm2000008310
agm2000008350,alexandria,agm2000008350
agm2000034821,alexandria,agm2000008350
agm2000008390,alexandria,agm2000008390
agm2000031981,alexandria,agm2000008390
agm2000004213,alexandria,agm2000008463
agm2000008463,alexandria,agm2000008463
agm2000008468,alexandria,agm2000008468
agm2000023286,alexandria,agm2000008468
SnBr2-8d365ca62c55,c2db,agm2000008484
agm2000002877,alexandria,agm2000008484
agm2000008484,alexandria,agm2000008484
agm2000029840,alexandria,agm2000008484
Ag2Br2-9d25bdce5cb7,c2db,agm2000008502
agm2000008502,alexandria,agm2000008502
agm2000109748,alexandria,agm2000008502
CaCl2-643810e6bb76,c2db,agm2000008520
agm2000008520,alexandria,agm2000008520
agm2000109815,alexandria,agm2000008520
agm2000008523,alexandria,agm2000008523
agm2000009444,alexandria,agm2000008523
agm2000012630,alexandria,agm2000008523
MnCl2-36192c4a6b20,c2db,agm2000008525
agm2000002927,alexandria,agm2000008525
agm2000008525,alexandria,agm2000008525
agm2000002973,alexandria,agm2000008553
agm2000008553,alexandria,agm2000008553
agm2000042893,alexandria,agm2000008553
FeI2-51934c0239e8,c2db,agm2000008597
agm2000008597,alexandria,agm2000008597
agm2000003090,alexandria,agm2000008638
agm2000008638,alexandria,agm2000008638
agm2000008641,alexandria,agm2000008641
agm2000036837,alexandria,agm2000008641
agm2000008644,alexandria,agm2000008644
agm2000044044,alexandria,agm2000008644
agm2000002621,alexandria,agm2000008654
agm2000008654,alexandria,agm2000008654
agm2000034071,alexandria,agm2000008654
agm2000039280,alexandria,agm2000008654
agm2000005533,alexandria,agm2000008665
agm2000008665,alexandria,agm2000008665
agm2000003175,alexandria,agm2000008700
agm2000008700,alexandria,agm2000008700
agm2000008702,alexandria,agm2000008702
agm2000022560,alexandria,agm2000008702
MgCl2-e73a5c5ae5ac,c2db,agm2000008708
agm2000003187,alexandria,agm2000008708
agm2000008708,alexandria,agm2000008708
agm2000008714,alexandria,agm2000008714
agm2000034472,alexandria,agm2000008714
agm2000005922,alexandria,agm2000008726
agm2000008726,alexandria,agm2000008726
agm2000003412,alexandria,agm2000008872
agm2000008872,alexandria,agm2000008872
agm2000008960,alexandria,agm2000008960
agm2000047427,alexandria,agm2000008960
agm2000003550,alexandria,agm2000008983
agm2000008983,alexandria,agm2000008983
PdS2-02762a09ebbf,c2db,agm2000009020
agm2000009020,alexandria,agm2000009020
agm2000125651,alexandria,agm2000009020
agm2000007925,alexandria,agm2000009059
agm2000009059,alexandria,agm2000009059
HfTe2-59c0e014651d,c2db,agm2000009085
agm2000003683,alexandria,agm2000009085
agm2000009085,alexandria,agm2000009085
ZnI2-ce0e9cd74bb3,c2db,agm2000009119
agm2000009119,alexandria,agm2000009119
agm2000024699,alexandria,agm2000009119
agm2000110856,alexandria,agm2000009119
agm2000009283,alexandria,agm2000009285
agm2000009285,alexandria,agm2000009285
agm2000009341,alexandria,agm2000009341
agm2000036419,alexandria,agm2000009341
CaI2-793f311ee701,c2db,agm2000009412
agm2000009410,alexandria,agm2000009412
agm2000009412,alexandria,agm2000009412
agm2000009674,alexandria,agm2000009674
agm2000025161,alexandria,agm2000009674
agm2000036669,alexandria,agm2000009674
agm2000009838,alexandria,agm2000009838
agm2000011234,alexandria,agm2000009838
agm2000043721,alexandria,agm2000009838
agm2000002615,alexandria,agm2000009932
agm2000005450,alexandria,agm2000009932
agm2000009932,alexandria,agm2000009932
agm2000034021,alexandria,agm2000009932
agm2000008324,alexandria,agm2000009938
agm2000009938,alexandria,agm2000009938
agm2000009945,alexandria,agm2000009945
agm2000011266,alexandria,agm2000009945
agm2000009958,alexandria,agm2000009958
agm2000036872,alexandria,agm2000009958
agm2000009961,alexandria,agm2000009961
agm2000039281,alexandria,agm2000009961
agm2000009970,alexandria,agm2000009970
agm2000039306,alexandria,agm2000009970
Br2K2-a110a9463b72,c2db,agm2000010107
agm2000010107,alexandria,agm2000010107
agm2000011297,alexandria,agm2000010107
agm2000010133,alexandria,agm2000010133
agm2000011307,alexandria,agm2000010133
agm2000037001,alexandria,agm2000010133
agm2000002634,alexandria,agm2000010142
agm2000005761,alexandria,agm2000010142
agm2000010142,alexandria,agm2000010142
agm2000013748,alexandria,agm2000010142
agm2000018231,alexandria,agm2000010142
agm2000034380,alexandria,agm2000010142
agm2000003219,alexandria,agm2000010237
agm2000005940,alexandria,agm2000010237
agm2000010237,alexandria,agm2000010237
agm2000018291,alexandria,agm2000010237
agm2000034590,alexandria,agm2000010237
agm2000010244,alexandria,agm2000010244
agm2000039936,alexandria,agm2000010244
agm2000010403,alexandria,agm2000010403
agm2000024358,alexandria,agm2000010403
agm2000031887,alexandria,agm2000010403
Ir4Se8-7a9859f02406,c2db,agm2000010435
agm2000010435,alexandria,agm2000010435
ZnBr2-4718298eb660,c2db,agm2000010747
agm2000009118,alexandria,agm2000010747
agm2000010747,alexandria,agm2000010747
agm2000010816,alexandria,agm2000010816
agm2000026577,alexandria,agm2000010816
agm2000002517,alexandria,agm2000010899
agm2000010899,alexandria,agm2000010899
agm2000040094,alexandria,agm2000010899
Ag2I2-d7506967a8d5,c2db,agm2000010983
agm2000010983,alexandria,agm2000010983
agm2000021984,alexandria,agm2000010983
agm2000011047,alexandria,agm2000011047
agm2000041848,alexandria,agm2000011047
agm2000011113,alexandria,agm2000011113
agm2000023489,alexandria,agm2000011113
agm2000011114,alexandria,agm2000011114
agm2000038218,alexandria,agm2000011114
agm2000005079,alexandria,agm2000011195
agm2000011195,alexandria,agm2000011195
agm2000011219,alexandria,agm2000011219
agm2000016261,alexandria,agm2000011219
agm2000011220,alexandria,agm2000011220
agm2000016265,alexandria,agm2000011220
agm2000011235,alexandria,agm2000011235
agm2000033840,alexandria,agm2000011235
agm2000011272,alexandria,agm2000011272
agm2000044111,alexandria,agm2000011272
agm2000011287,alexandria,agm2000011287
agm2000044360,alexandria,agm2000011287
agm2000011309,alexandria,agm2000011309
agm2000016796,alexandria,agm2000011309
agm2000031388,alexandria,agm2000011309
agm2000044603,alexandria,agm2000011309
agm2000011310,alexandria,agm2000011310
agm2000029391,alexandria,agm2000011310
agm2000031393,alexandria,agm2000011310
agm2000011311,alexandria,agm2000011311
agm2000011312,alexandria,agm2000011311
agm2000010150,alexandria,agm2000011314
agm2000011314,alexandria,agm2000011314
agm2000034406,alexandria,agm2000011314
agm2000010332,alexandria,agm2000011600
agm2000011600,alexandria,agm2000011600
agm2000011728,alexandria,agm2000011728
agm2000047444,alexandria,agm2000011728
Sc2I6-0a5d381b331c,c2db,agm2000011734
agm2000011734,alexandria,agm2000011734
JVASP-60251,jarvis_dft2d,agm2000011787
JVASP-76306,jarvis_dft2d,agm2000011787
agm2000011787,alexandria,agm2000011787
agm2000011922,alexandria,agm2000011922
agm2000035886,alexandria,agm2000011922
agm2000012027,alexandria,agm2000012027
agm2000036218,alexandria,agm2000012027
agm2000012540,alexandria,agm2000012540
agm2000015701,alexandria,agm2000012540
agm2000009461,alexandria,agm2000012660
agm2000012660,alexandria,agm2000012660
agm2000012692,alexandria,agm2000012692
agm2000017915,alexandria,agm2000012692
agm2000002974,alexandria,agm2000012849
agm2000012849,alexandria,agm2000012849
agm2000012871,alexandria,agm2000012871
agm2000036620,alexandria,agm2000012871
agm2000005078,alexandria,agm2000013079
agm2000013079,alexandria,agm2000013079
agm2000013259,alexandria,agm2000013259
agm2000110006,alexandria,agm2000013259
agm2000013261,alexandria,agm2000013261
agm2000028155,alexandria,agm2000013261
agm2000013307,alexandria,agm2000013307
agm2000033880,alexandria,agm2000013307
agm2000013338,alexandria,agm2000013338
agm2000033920,alexandria,agm2000013338
agm2000013355,alexandria,agm2000013355
agm2000039122,alexandria,agm2000013355
agm2000009922,alexandria,agm2000013425
agm2000013425,alexandria,agm2000013425
agm2000011268,alexandria,agm2000013456
agm2000013456,alexandria,agm2000013456
agm2000003145,alexandria,agm2000013608
agm2000013608,alexandria,agm2000013608
agm2000034231,alexandria,agm2000013608
agm2000013810,alexandria,agm2000013810
agm2000018255,alexandria,agm2000013810
agm2000013958,alexandria,agm2000013958
agm2000022620,alexandria,agm2000013958
agm2000006005,alexandria,agm2000014015
agm2000014015,alexandria,agm2000014015
agm2000014245,alexandria,agm2000014245
agm2000031698,alexandria,agm2000014245
Pb2Se2-f615d3b872f4,c2db,agm2000014832
agm2000014832,alexandria,agm2000014832
agm2000022912,alexandria,agm2000014832
agm2000037291,alexandria,agm2000014832
agm2000014862,alexandria,agm2000014862
agm2000017405,alexandria,agm2000014862
agm2000014884,alexandria,agm2000014884
agm2000037319,alexandria,agm2000014884
agm2000014915,alexandria,agm2000014915
agm2000040786,alexandria,agm2000014915
agm2000015166,alexandria,agm2000015166
agm2000040932,alexandria,agm2000015166
agm2000015296,alexandria,agm2000015296
agm2000018979,alexandria,agm2000015296
agm2000004208,alexandria,agm2000015462
agm2000015462,alexandria,agm2000015462
agm2000004325,alexandria,agm2000015523
agm2000015523,alexandria,agm2000015523
agm2000015543,alexandria,agm2000015545
agm2000015545,alexandria,agm2000015545
agm2000004354,alexandria,agm2000015551
agm2000015551,alexandria,agm2000015551
agm2000015556,alexandria,agm2000015556
agm2000032778,alexandria,agm2000015556
agm2000004394,alexandria,agm2000015594
agm2000015594,alexandria,agm2000015594
agm2000002945,alexandria,agm2000015864
agm2000015864,alexandria,agm2000015864
agm2000033179,alexandria,agm2000015864
agm2000004744,alexandria,agm2000015886
agm2000015886,alexandria,agm2000015886
agm2000033207,alexandria,agm2000015886
agm2000015908,alexandria,agm2000015908
agm2000033236,alexandria,agm2000015908
agm2000004781,alexandria,agm2000015921
agm2000015921,alexandria,agm2000015921
agm2000030963,alexandria,agm2000015921
agm2000004793,alexandria,agm2000015931
agm2000015931,alexandria,agm2000015931
agm2000033264,alexandria,agm2000015931
agm2000004824,alexandria,agm2000015980
agm2000004826,alexandria,agm2000015980
agm2000015980,alexandria,agm2000015980
agm2000004828,alexandria,agm2000015984
agm2000015984,alexandria,agm2000015984
agm2000004888,alexandria,agm2000016031
agm2000016031,alexandria,agm2000016031
agm2000005149,alexandria,agm2000016228
agm2000016228,alexandria,agm2000016228
agm2000005258,alexandria,agm2000016299
agm2000016299,alexandria,agm2000016299
agm2000016405,alexandria,agm2000016405
agm2000031237,alexandria,agm2000016405
agm2000005433,alexandria,agm2000016412
agm2000013407,alexandria,agm2000016412
agm2000016412,alexandria,agm2000016412
agm2000005435,alexandria,agm2000016418
agm2000016418,alexandria,agm2000016418
agm2000016449,alexandria,agm2000016449
agm2000023917,alexandria,agm2000016449
agm2000009964,alexandria,agm2000016490
agm2000016490,alexandria,agm2000016490
agm2000016572,alexandria,agm2000016572
agm2000034159,alexandria,agm2000016572
agm2000016574,alexandria,agm2000016574
agm2000034165,alexandria,agm2000016574
agm2000003137,alexandria,agm2000016602
agm2000016602,alexandria,agm2000016602
agm2000034187,alexandria,agm2000016602
agm2000016661,alexandria,agm2000016661
agm2000034242,alexandria,agm2000016661
agm2000016681,alexandria,agm2000016681
agm2000034257,alexandria,agm2000016681
agm2000016791,alexandria,agm2000016791
agm2000020827,alexandria,agm2000016791
agm2000016947,alexandria,agm2000016947
agm2000021034,alexandria,agm2000016947
Ag2O2-520a721ec074,c2db,agm2000017052
agm2000006699,alexandria,agm2000017052
agm2000017052,alexandria,agm2000017052
agm2000006761,alexandria,agm2000017054
agm2000017054,alexandria,agm2000017054
Mo2Se4-82a84bbe4a89,c2db,agm2000017201
agm2000017201,alexandria,agm2000017201
agm2000007367,alexandria,agm2000017241
agm2000017241,alexandria,agm2000017241
agm2000010515,alexandria,agm2000017320
agm2000017320,alexandria,agm2000017320
agm2000017339,alexandria,agm2000017339
agm2000028929,alexandria,agm2000017339
agm2000017346,alexandria,agm2000017346
agm2000024480,alexandria,agm2000017346
SeSn-d59c96fdfda1,c2db,agm2000017406
agm2000002743,alexandria,agm2000017406
agm2000010570,alexandria,agm2000017406
agm2000011801,alexandria,agm2000017406
agm2000011802,alexandria,agm2000017406
agm2000017406,alexandria,agm2000017406
agm2000017499,alexandria,agm2000017499
agm2000125692,alexandria,agm2000017499
agm2000010635,alexandria,agm2000017508
agm2000017508,alexandria,agm2000017508
agm2000017669,alexandria,agm2000017669
agm2000023085,alexandria,agm2000017669
agm2000041117,alexandria,agm2000017669
agm2000003876,alexandria,agm2000017690
agm2000008415,alexandria,agm2000017690
agm2000017690,alexandria,agm2000017690
agm2000004253,alexandria,agm2000017797
agm2000017797,alexandria,agm2000017797
agm2000012521,alexandria,agm2000017863
agm2000017863,alexandria,agm2000017863
agm2000008306,alexandria,agm2000017874
agm2000017874,alexandria,agm2000017874
agm2000029258,alexandria,agm2000017874
agm2000032965,alexandria,agm2000017874
agm2000017957,alexandria,agm2000017957
agm2000027947,alexandria,agm2000017957
agm2000012848,alexandria,agm2000017963
agm2000017963,alexandria,agm2000017963
agm2000042889,alexandria,agm2000017963
agm2000002975,alexandria,agm2000017965
agm2000008555,alexandria,agm2000017965
agm2000017965,alexandria,agm2000017965
agm2000003755,alexandria,agm2000017968
agm2000017968,alexandria,agm2000017968
agm2000017997,alexandria,agm2000017997
agm2000123758,alexandria,agm2000017997
agm2000009755,alexandria,agm2000018019
agm2000018019,alexandria,agm2000018019
Cu2I2-ac7333c6ab94,c2db,agm2000018022
agm2000018022,alexandria,agm2000018022
agm2000041176,alexandria,agm2000018022
agm2000018093,alexandria,agm2000018093
agm2000043711,alexandria,agm2000018093
agm2000002613,alexandria,agm2000018138
agm2000005434,alexandria,agm2000018138
agm2000018138,alexandria,agm2000018138
agm2000026686,alexandria,agm2000018138
agm2000033995,alexandria,agm2000018138
agm2000034000,alexandria,agm2000018138
agm2000018144,alexandria,agm2000018144
agm2000034036,alexandria,agm2000018144
agm2000018156,alexandria,agm2000018156
agm2000034068,alexandria,agm2000018156
agm2000018204,alexandria,agm2000018204
agm2000020721,alexandria,agm2000018204
agm2000005754,alexandria,agm2000018227
agm2000018227,alexandria,agm2000018227
agm2000003171,alexandria,agm2000018228
agm2000005753,alexandria,agm2000018228
agm2000018228,alexandria,agm2000018228
agm2000039673,alexandria,agm2000018228
agm2000018229,alexandria,agm2000018229
agm2000024113,alexandria,agm2000018229
agm2000003180,alexandria,agm2000018242
agm2000018242,alexandria,agm2000018242
agm2000034412,alexandria,agm2000018242
agm2000008372,alexandria,agm2000018568
agm2000018568,alexandria,agm2000018568
agm2000018579,alexandria,agm2000018579
agm2000040103,alexandria,agm2000018579
agm2000007549,alexandria,agm2000018758
agm2000018758,alexandria,agm2000018758
agm2000037317,alexandria,agm2000018758
SiSe2-0dae128e0ffe,c2db,agm2000018764
agm2000018764,alexandria,agm2000018764
agm2000110582,alexandria,agm2000018764
agm2000018823,alexandria,agm2000018823
agm2000047846,alexandria,agm2000018823
agm2000007847,alexandria,agm2000018851
agm2000018851,alexandria,agm2000018851
agm2000003696,alexandria,agm2000018941
agm2000018941,alexandria,agm2000018941
agm2000017824,alexandria,agm2000019261
agm2000019261,alexandria,agm2000019261
agm2000019301,alexandria,agm2000019301
agm2000032808,alexandria,agm2000019301
agm2000003750,alexandria,agm2000019453
agm2000019453,alexandria,agm2000019453
agm2000022153,alexandria,agm2000019453
agm2000004515,alexandria,agm2000019456
agm2000019456,alexandria,agm2000019456
agm2000002916,alexandria,agm2000019484
agm2000019484,alexandria,agm2000019484
agm2000019509,alexandria,agm2000019509
agm2000036492,alexandria,agm2000019509
agm2000009441,alexandria,agm2000019528
agm2000019528,alexandria,agm2000019528
agm2000019532,alexandria,agm2000019532
agm2000036505,alexandria,agm2000019532
agm2000019573,alexandria,agm2000019573
agm2000036526,alexandria,agm2000019573
agm2000019577,alexandria,agm2000019577
agm2000023485,alexandria,agm2000019577
agm2000019743,alexandria,agm2000019743
agm2000036580,alexandria,agm2000019743
agm2000019817,alexandria,agm2000019817
agm2000019824,alexandria,agm2000019817
agm2000009808,alexandria,agm2000020194
agm2000020194,alexandria,agm2000020194
agm2000036762,alexandria,agm2000020194
agm2000003069,alexandria,agm2000020259
agm2000020259,alexandria,agm2000020259
agm2000031182,alexandria,agm2000020259
agm2000020260,alexandria,agm2000020260
agm2000036805,alexandria,agm2000020260
agm2000020287,alexandria,agm2000020287
agm2000033874,alexandria,agm2000020287
agm2000020300,alexandria,agm2000020300
agm2000033887,alexandria,agm2000020300
agm2000005396,alexandria,agm2000020363
agm2000020363,alexandria,agm2000020363
agm2000033947,alexandria,agm2000020363
agm2000009909,alexandria,agm2000020402
agm2000020402,alexandria,agm2000020402
agm2000020607,alexandria,agm2000020607
agm2000036905,alexandria,agm2000020607
agm2000020618,alexandria,agm2000020618
agm2000034174,alexandria,agm2000020618
agm2000020633,alexandria,agm2000020633
agm2000034190,alexandria,agm2000020633
agm2000005605,alexandria,agm2000020650
agm2000020650,alexandria,agm2000020650
agm2000020673,alexandria,agm2000020673
agm2000034218,alexandria,agm2000020673
agm2000020830,alexandria,agm2000020830
agm2000037000,alexandria,agm2000020830
agm2000016814,alexandria,agm2000020864
agm2000020864,alexandria,agm2000020864
agm2000010165,alexandria,agm2000020909
agm2000020909,alexandria,agm2000020909
agm2000020949,alexandria,agm2000020949
agm2000037045,alexandria,agm2000020949
agm2000021727,alexandria,agm2000021727
agm2000032183,alexandria,agm2000021727
agm2000021823,alexandria,agm2000021823
agm2000023036,alexandria,agm2000021823
agm2000023042,alexandria,agm2000021823
agm2000040945,alexandria,agm2000021823
Pb2Te2-fdc4a7cc1d0d,c2db,agm2000021825
agm2000021825,alexandria,agm2000021825
agm2000023038,alexandria,agm2000021825
agm2000022103,alexandria,agm2000022103
agm2000029839,alexandria,agm2000022103
Ag2Br2-e5d5e94b098e,c2db,agm2000022139
agm2000022139,alexandria,agm2000022139
agm2000038065,alexandria,agm2000022139
agm2000038070,alexandria,agm2000022139
agm2000011087,alexandria,agm2000022148
agm2000022148,alexandria,agm2000022148
agm2000003748,alexandria,agm2000022152
agm2000022152,alexandria,agm2000022152
agm2000004838,alexandria,agm2000022242
agm2000022242,alexandria,agm2000022242
agm2000022400,alexandria,agm2000022400
agm2000031184,alexandria,agm2000022400
agm2000022519,alexandria,agm2000022519
agm2000022522,alexandria,agm2000022519
agm2000003771,alexandria,agm2000022531
agm2000022531,alexandria,agm2000022531
agm2000029381,alexandria,agm2000022531
agm2000010163,alexandria,agm2000022575
agm2000022575,alexandria,agm2000022575
agm2000016847,alexandria,agm2000022583
agm2000022583,alexandria,agm2000022583
agm2000008341,alexandria,agm2000022617
agm2000016927,alexandria,agm2000022617
agm2000022617,alexandria,agm2000022617
agm2000031491,alexandria,agm2000022617
agm2000017374,alexandria,agm2000022913
agm2000022913,alexandria,agm2000022913
JVASP-19586,jarvis_dft2d,agm2000023005
agm2000023005,alexandria,agm2000023005
agm2000023135,alexandria,agm2000023135
agm2000033624,alexandria,agm2000023135
agm2000023258,alexandria,agm2000023258
agm2000048748,alexandria,agm2000023258
agm2000023592,alexandria,agm2000023592
agm2000038431,alexandria,agm2000023592
agm2000023611,alexandria,agm2000023611
agm2000038564,alexandria,agm2000023611
agm2000010822,alexandria,agm2000023899
agm2000023899,alexandria,agm2000023899
agm2000005462,alexandria,agm2000023920
agm2000023920,alexandria,agm2000023920
agm2000005487,alexandria,agm2000023931
agm2000008656,alexandria,agm2000023931
agm2000023931,alexandria,agm2000023931
PbI2-9e6494406d07,c2db,agm2000023959
agm2000003126,alexandria,agm2000023959
agm2000023959,alexandria,agm2000023959
agm2000013604,alexandria,agm2000024014
agm2000024014,alexandria,agm2000024014
agm2000010075,alexandria,agm2000024047
agm2000010835,alexandria,agm2000024047
agm2000024047,alexandria,agm2000024047
agm2000024124,alexandria,agm2000024124
agm2000034414,alexandria,agm2000024124
agm2000018283,alexandria,agm2000024175
agm2000024175,alexandria,agm2000024175
agm2000003781,alexandria,agm2000024193
agm2000022625,alexandria,agm2000024193
agm2000024193,alexandria,agm2000024193
agm2000031499,alexandria,agm2000024193
agm2000017056,alexandria,agm2000024279
agm2000024279,alexandria,agm2000024279
agm2000017560,alexandria,agm2000024620
agm2000024620,alexandria,agm2000024620
agm2000010702,alexandria,agm2000024642
agm2000024642,alexandria,agm2000024642
agm2000019259,alexandria,agm2000024973
agm2000024973,alexandria,agm2000024973
agm2000022168,alexandria,agm2000025046
agm2000025046,alexandria,agm2000025046
agm2000025096,alexandria,agm2000025096
agm2000036567,alexandria,agm2000025096
agm2000025160,alexandria,agm2000025160
agm2000036671,alexandria,agm2000025160
agm2000020196,alexandria,agm2000025227
agm2000025227,alexandria,agm2000025227
agm2000025246,alexandria,agm2000025247
agm2000025247,alexandria,agm2000025247
agm2000025342,alexandria,agm2000025344
agm2000025344,alexandria,agm2000025344
agm2000025371,alexandria,agm2000025371
agm2000036978,alexandria,agm2000025371
agm2000005805,alexandria,agm2000025394
agm2000025394,alexandria,agm2000025394
agm2000037030,alexandria,agm2000025394
agm2000005876,alexandria,agm2000025408
agm2000025408,alexandria,agm2000025408
agm2000003780,alexandria,agm2000025420
agm2000025420,alexandria,agm2000025420
agm2000025443,alexandria,agm2000025443
agm2000037101,alexandria,agm2000025443
agm2000002782,alexandria,agm2000025694
agm2000025694,alexandria,agm2000025694
BaBr2-1a59eff92917,c2db,agm2000025740
agm2000025740,alexandria,agm2000025740
agm2000109716,alexandria,agm2000025740
agm2000025747,alexandria,agm2000025747
agm2000032809,alexandria,agm2000025747
CaCl2-3ca106221b9b,c2db,agm2000025775
agm2000002920,alexandria,agm2000025775
agm2000025775,alexandria,agm2000025775
agm2000025797,alexandria,agm2000025797
agm2000033231,alexandria,agm2000025797
agm2000025823,alexandria,agm2000025823
agm2000033497,alexandria,agm2000025823
agm2000003133,alexandria,agm2000025890
agm2000025890,alexandria,agm2000025890
agm2000002633,alexandria,agm2000025918
agm2000025918,alexandria,agm2000025918
agm2000044590,alexandria,agm2000025918
agm2000026108,alexandria,agm2000026108
agm2000035317,alexandria,agm2000026108
SrI2-6cfaae647808,c2db,agm2000026145
agm2000026145,alexandria,agm2000026145
agm2000110590,alexandria,agm2000026145
agm2000004245,alexandria,agm2000026329
agm2000026329,alexandria,agm2000026329
agm2000004327,alexandria,agm2000026354
agm2000026354,alexandria,agm2000026354
agm2000004441,alexandria,agm2000026389
agm2000026389,alexandria,agm2000026389
agm2000032866,alexandria,agm2000026389
agm2000009415,alexandria,agm2000026416
agm2000026416,alexandria,agm2000026416
agm2000032974,alexandria,agm2000026416
agm2000004570,alexandria,agm2000026427
agm2000026427,alexandria,agm2000026427
agm2000002922,alexandria,agm2000026439
agm2000026439,alexandria,agm2000026439
agm2000004624,alexandria,agm2000026442
agm2000026442,alexandria,agm2000026442
agm2000002932,alexandria,agm2000026451
agm2000026451,alexandria,agm2000026451
agm2000004765,alexandria,agm2000026482
agm2000026482,alexandria,agm2000026482
agm2000004795,alexandria,agm2000026491
agm2000026491,alexandria,agm2000026491
agm2000004798,alexandria,agm2000026492
agm2000026492,alexandria,agm2000026492
agm2000005152,alexandria,agm2000026593
agm2000026593,alexandria,agm2000026593
agm2000005306,alexandria,agm2000026639
agm2000026639,alexandria,agm2000026639
agm2000033851,alexandria,agm2000026639
agm2000005317,alexandria,agm2000026645
agm2000026645,alexandria,agm2000026645
agm2000033862,alexandria,agm2000026645
agm2000005348,alexandria,agm2000026656
agm2000026656,alexandria,agm2000026656
agm2000031204,alexandria,agm2000026656
agm2000005378,alexandria,agm2000026671
agm2000026671,alexandria,agm2000026671
agm2000033926,alexandria,agm2000026671
agm2000005408,alexandria,agm2000026682
agm2000026682,alexandria,agm2000026682
agm2000005574,alexandria,agm2000026730
agm2000026730,alexandria,agm2000026730
agm2000034172,alexandria,agm2000026730
agm2000005589,alexandria,agm2000026732
agm2000026732,alexandria,agm2000026732
agm2000007805,alexandria,agm2000027412
agm2000027412,alexandria,agm2000027412
agm2000027797,alexandria,agm2000027797
agm2000036465,alexandria,agm2000027797
agm2000004647,alexandria,agm2000027848
agm2000027848,alexandria,agm2000027848
agm2000027899,alexandria,agm2000027899
agm2000033205,alexandria,agm2000027899
agm2000012833,alexandria,agm2000027941
agm2000027941,alexandria,agm2000027941
agm2000017952,alexandria,agm2000027942
agm2000025117,alexandria,agm2000027942
agm2000027942,alexandria,agm2000027942
agm2000017973,alexandria,agm2000027970
agm2000027970,alexandria,agm2000027970
agm2000027971,alexandria,agm2000027971
agm2000036628,alexandria,agm2000027971
agm2000003134,alexandria,agm2000028318
agm2000028318,alexandria,agm2000028318
agm2000013589,alexandria,agm2000028329
agm2000028329,alexandria,agm2000028329
agm2000028437,alexandria,agm2000028437
agm2000031421,alexandria,agm2000028437
agm2000003203,alexandria,agm2000028474
agm2000028474,alexandria,agm2000028474
agm2000028497,alexandria,agm2000028497
agm2000031479,alexandria,agm2000028497
agm2000028830,alexandria,agm2000028830
agm2000037181,alexandria,agm2000028830
agm2000028848,alexandria,agm2000028848
agm2000031907,alexandria,agm2000028848
agm2000022932,alexandria,agm2000028967
agm2000028967,alexandria,agm2000028967
agm2000011089,alexandria,agm2000029252
agm2000029252,alexandria,agm2000029252
agm2000020477,alexandria,agm2000029356
agm2000029356,alexandria,agm2000029356
agm2000011286,alexandria,agm2000029370
agm2000029370,alexandria,agm2000029370
agm2000020720,alexandria,agm2000029374
agm2000029374,alexandria,agm2000029374
agm2000008334,alexandria,agm2000029395
agm2000029395,alexandria,agm2000029395
agm2000029520,alexandria,agm2000029520
agm2000034983,alexandria,agm2000029520
agm2000029584,alexandria,agm2000029584
agm2000037200,alexandria,agm2000029584
agm2000029668,alexandria,agm2000029668
agm2000035925,alexandria,agm2000029668
agm2000017558,alexandria,agm2000029675
agm2000029675,alexandria,agm2000029675
agm2000003769,alexandria,agm2000029719
agm2000029719,alexandria,agm2000029719
agm2000003772,alexandria,agm2000029721
agm2000024118,alexandria,agm2000029721
agm2000029721,alexandria,agm2000029721
agm2000039693,alexandria,agm2000029721
agm2000025509,alexandria,agm2000029762
agm2000029762,alexandria,agm2000029762
agm2000029909,alexandria,agm2000029909
agm2000042881,alexandria,agm2000029909
agm2000003074,alexandria,agm2000029987
agm2000029987,alexandria,agm2000029987
agm2000030075,alexandria,agm2000030075
agm2000044615,alexandria,agm2000030075
agm2000005815,alexandria,agm2000030084
agm2000030084,alexandria,agm2000030084
agm2000003202,alexandria,agm2000030088
agm2000030088,alexandria,agm2000030088
agm2000003442,alexandria,agm2000030255
agm2000030255,alexandria,agm2000030255
HfSe2-d2d9fee03594,c2db,agm2000030306
agm2000030306,alexandria,agm2000030306
agm2000110474,alexandria,agm2000030306
agm2000003569,alexandria,agm2000030320
agm2000030320,alexandria,agm2000030320
agm2000003596,alexandria,agm2000030339
agm2000030339,alexandria,agm2000030339
TiS2-65d41aaec667,c2db,agm2000030347
agm2000003613,alexandria,agm2000030347
agm2000030347,alexandria,agm2000030347
VSe2-8535e643c6c5,c2db,agm2000030431
agm2000003714,alexandria,agm2000030431
agm2000030431,alexandria,agm2000030431
agm2000004260,alexandria,agm2000030720
agm2000026337,alexandria,agm2000030720
agm2000030720,alexandria,agm2000030720
agm2000015501,alexandria,agm2000030731
agm2000030731,alexandria,agm2000030731
agm2000004348,alexandria,agm2000030757
agm2000030757,alexandria,agm2000030757
agm2000029243,alexandria,agm2000030764
agm2000030764,alexandria,agm2000030764
agm2000004572,alexandria,agm2000030853
agm2000012573,alexandria,agm2000030853
agm2000030853,alexandria,agm2000030853
agm2000002946,alexandria,agm2000030936
agm2000030936,alexandria,agm2000030936
agm2000004770,alexandria,agm2000030957
agm2000030957,alexandria,agm2000030957
Ag2Cl2-be4990592165,c2db,agm2000030981
agm2000008308,alexandria,agm2000030981
agm2000030981,alexandria,agm2000030981
agm2000033321,alexandria,agm2000030981
agm2000005374,alexandria,agm2000031219
agm2000020337,alexandria,agm2000031219
agm2000031219,alexandria,agm2000031219
agm2000031229,alexandria,agm2000031229
agm2000039149,alexandria,agm2000031229
agm2000128540,alexandria,agm2000031229
agm2000026721,alexandria,agm2000031298
agm2000031298,alexandria,agm2000031298
agm2000005542,alexandria,agm2000031301
agm2000031301,alexandria,agm2000031301
agm2000025337,alexandria,agm2000031321
agm2000031321,alexandria,agm2000031321
agm2000005836,alexandria,agm2000031440
agm2000031440,alexandria,agm2000031440
agm2000034463,alexandria,agm2000031440
agm2000028883,alexandria,agm2000031939
agm2000031939,alexandria,agm2000031939
agm2000003688,alexandria,agm2000032270
agm2000026197,alexandria,agm2000032270
agm2000032270,alexandria,agm2000032270
agm2000029153,alexandria,agm2000032319
agm2000032319,alexandria,agm2000032319
agm2000000509,alexandria,agm2000032366
agm2000032366,alexandria,agm2000032366
agm2000015338,alexandria,agm2000032378
agm2000032378,alexandria,agm2000032378
agm2000015432,alexandria,agm2000032562
agm2000032562,alexandria,agm2000032562
BN-4a5edc763604,c2db,agm2000032640
JVASP-60594,jarvis_dft2d,agm2000032640
JVASP-688,jarvis_dft2d,agm2000032640
JVASP-76649,jarvis_dft2d,agm2000032640
agm2000002576,alexandria,agm2000032640
agm2000008464,alexandria,agm2000032640
agm2000011048,alexandria,agm2000032640
agm2000032640,alexandria,agm2000032640
agm2000041862,alexandria,agm2000032640
agm2000002860,alexandria,agm2000032699
agm2000004267,alexandria,agm2000032699
agm2000011057,alexandria,agm2000032699
agm2000032699,alexandria,agm2000032699
agm2000041940,alexandria,agm2000032699
agm2000015506,alexandria,agm2000032723
agm2000019223,alexandria,agm2000032723
agm2000032723,alexandria,agm2000032723
agm2000012342,alexandria,agm2000032743
agm2000032743,alexandria,agm2000032743
agm2000019241,alexandria,agm2000032744
agm2000032744,alexandria,agm2000032744
agm2000026356,alexandria,agm2000032750
agm2000032750,alexandria,agm2000032750
agm2000019300,alexandria,agm2000032807
agm2000032807,alexandria,agm2000032807
agm2000027751,alexandria,agm2000032837
agm2000032837,alexandria,agm2000032837
agm2000015640,alexandria,agm2000032874
agm2000032874,alexandria,agm2000032874
agm2000009369,alexandria,agm2000032898
agm2000032898,alexandria,agm2000032898
agm2000004463,alexandria,agm2000032899
agm2000010791,alexandria,agm2000032899
agm2000017859,alexandria,agm2000032899
agm2000032899,alexandria,agm2000032899
agm2000022147,alexandria,agm2000032909
agm2000032909,alexandria,agm2000032909
agm2000027785,alexandria,agm2000032926
agm2000032926,alexandria,agm2000032926
agm2000002586,alexandria,agm2000032938
agm2000004500,alexandria,agm2000032938
agm2000004504,alexandria,agm2000032938
agm2000017865,alexandria,agm2000032938
agm2000032938,alexandria,agm2000032938
agm2000029878,alexandria,agm2000033102
agm2000033102,alexandria,agm2000033102
agm2000012705,alexandria,agm2000033148
agm2000033148,alexandria,agm2000033148
agm2000002941,alexandria,agm2000033160
agm2000015849,alexandria,agm2000033160
agm2000033160,alexandria,agm2000033160
agm2000015904,alexandria,agm2000033226
agm2000033226,alexandria,agm2000033226
agm2000012766,alexandria,agm2000033227
agm2000033227,alexandria,agm2000033227
agm2000004769,alexandria,agm2000033234
agm2000015907,alexandria,agm2000033234
agm2000033234,alexandria,agm2000033234
agm2000027943,alexandria,agm2000033314
agm2000033314,alexandria,agm2000033314
agm2000023600,alexandria,agm2000033331
agm2000025120,alexandria,agm2000033331
agm2000033331,alexandria,agm2000033331
agm2000015993,alexandria,agm2000033332
agm2000033332,alexandria,agm2000033332
agm2000002593,alexandria,agm2000033342
agm2000004846,alexandria,agm2000033342
agm2000009596,alexandria,agm2000033342
agm2000026509,alexandria,agm2000033342
agm2000033342,alexandria,agm2000033342
Cl2In2-9669b3269d2d,c2db,agm2000033361
agm2000033361,alexandria,agm2000033361
agm2000111736,alexandria,agm2000033361
agm2000002596,alexandria,agm2000033368
agm2000004875,alexandria,agm2000033368
agm2000009612,alexandria,agm2000033368
agm2000033368,alexandria,agm2000033368
agm2000036618,alexandria,agm2000033368
Cl2Rb2-c867862764fc,c2db,agm2000033374
agm2000033374,alexandria,agm2000033374
agm2000109899,alexandria,agm2000033374
Cl2Tl2-4995f864f56a,c2db,agm2000033380
agm2000033380,alexandria,agm2000033380
agm2000038578,alexandria,agm2000033380
agm2000111737,alexandria,agm2000033380
agm2000002598,alexandria,agm2000033382
agm2000004891,alexandria,agm2000033382
agm2000017975,alexandria,agm2000033382
agm2000033382,alexandria,agm2000033382
agm2000009625,alexandria,agm2000033386
agm2000022253,alexandria,agm2000033386
agm2000023617,alexandria,agm2000033386
agm2000033386,alexandria,agm2000033386
agm2000002981,alexandria,agm2000033388
agm2000029915,alexandria,agm2000033388
agm2000033388,alexandria,agm2000033388
agm2000020125,alexandria,agm2000033677
agm2000033677,alexandria,agm2000033677
agm2000005331,alexandria,agm2000033871
agm2000026650,alexandria,agm2000033871
agm2000033871,alexandria,agm2000033871
agm2000016359,alexandria,agm2000033917
agm2000033917,alexandria,agm2000033917
agm2000002618,alexandria,agm2000034058
agm2000005469,alexandria,agm2000034058
agm2000005471,alexandria,agm2000034058
agm2000018151,alexandria,agm2000034058
agm2000034055,alexandria,agm2000034058
agm2000034058,alexandria,agm2000034058
agm2000008325,alexandria,agm2000034061
agm2000034061,alexandria,agm2000034061
agm2000020606,alexandria,agm2000034156
agm2000034156,alexandria,agm2000034156
agm2000016580,alexandria,agm2000034169
agm2000034169,alexandria,agm2000034169
agm2000005571,alexandria,agm2000034170
agm2000020615,alexandria,agm2000034170
agm2000034170,alexandria,agm2000034170
agm2000020628,alexandria,agm2000034182
agm2000034182,alexandria,agm2000034182
agm2000026733,alexandria,agm2000034192
agm2000034192,alexandria,agm2000034192
agm2000002629,alexandria,agm2000034314
agm2000005702,alexandria,agm2000034314
agm2000005704,alexandria,agm2000034314
agm2000018212,alexandria,agm2000034314
agm2000034314,alexandria,agm2000034314
agm2000013743,alexandria,agm2000034381
agm2000034381,alexandria,agm2000034381
agm2000018238,alexandria,agm2000034397
agm2000034397,alexandria,agm2000034397
agm2000011324,alexandria,agm2000034459
agm2000013831,alexandria,agm2000034459
agm2000034459,alexandria,agm2000034459
agm2000021025,alexandria,agm2000034591
agm2000034591,alexandria,agm2000034591
agm2000005947,alexandria,agm2000034599
agm2000008733,alexandria,agm2000034599
agm2000034599,alexandria,agm2000034599
agm2000026033,alexandria,agm2000034908
agm2000034908,alexandria,agm2000034908
JVASP-6007,jarvis_dft2d,agm2000034962
agm2000034962,alexandria,agm2000034962
agm2000110375,alexandria,agm2000034962
agm2000028693,alexandria,agm2000034982
agm2000034982,alexandria,agm2000034982
agm2000021336,alexandria,agm2000035314
agm2000035314,alexandria,agm2000035314
agm2000007276,alexandria,agm2000035338
agm2000027267,alexandria,agm2000035338
agm2000035338,alexandria,agm2000035338
agm2000007279,alexandria,agm2000035340
agm2000027268,alexandria,agm2000035340
agm2000035340,alexandria,agm2000035340
agm2000021349,alexandria,agm2000035341
agm2000035341,alexandria,agm2000035341
Sn2Te2-03bcf7dcdaf2,c2db,agm2000035703
agm2000035703,alexandria,agm2000035703
agm2000111188,alexandria,agm2000035703
agm2000035709,alexandria,agm2000035709
agm2000047703,alexandria,agm2000035709
agm2000035830,alexandria,agm2000035830
agm2000125682,alexandria,agm2000035830
agm2000007905,alexandria,agm2000035848
agm2000035848,alexandria,agm2000035848
JVASP-5890,jarvis_dft2d,agm2000035890
JVASP-5917,jarvis_dft2d,agm2000035890
Pb2S2-d4ed2cd9ee0c,c2db,agm2000035890
agm2000003853,alexandria,agm2000035890
agm2000035890,alexandria,agm2000035890
agm2000003675,alexandria,agm2000035924
agm2000009078,alexandria,agm2000035924
agm2000035924,alexandria,agm2000035924
agm2000023045,alexandria,agm2000036029
agm2000036029,alexandria,agm2000036029
agm2000029181,alexandria,agm2000036177
agm2000036177,alexandria,agm2000036177
agm2000024958,alexandria,agm2000036345
agm2000036345,alexandria,agm2000036345
agm2000019209,alexandria,agm2000036347
agm2000036347,alexandria,agm2000036347
agm2000019260,alexandria,agm2000036372
agm2000036372,alexandria,agm2000036372
agm2000024979,alexandria,agm2000036378
agm2000036378,alexandria,agm2000036378
agm2000019318,alexandria,agm2000036400
agm2000036400,alexandria,agm2000036400
agm2000002887,alexandria,agm2000036406
agm2000015603,alexandria,agm2000036406
agm2000036406,alexandria,agm2000036406
agm2000019357,alexandria,agm2000036420
agm2000036420,alexandria,agm2000036420
agm2000019359,alexandria,agm2000036422
agm2000036422,alexandria,agm2000036422
agm2000030816,alexandria,agm2000036444
agm2000032916,alexandria,agm2000036444
agm2000036444,alexandria,agm2000036444
Br2Cs2-a9677b59b7ce,c2db,agm2000036447
agm2000036447,alexandria,agm2000036447
agm2000109751,alexandria,agm2000036447
agm2000019458,alexandria,agm2000036467
agm2000036467,alexandria,agm2000036467
agm2000009420,alexandria,agm2000036477
agm2000025037,alexandria,agm2000036477
agm2000036477,alexandria,agm2000036477
agm2000019516,alexandria,agm2000036493
agm2000036493,alexandria,agm2000036493
agm2000025091,alexandria,agm2000036554
agm2000036554,alexandria,agm2000036554
agm2000025143,alexandria,agm2000036633
agm2000036633,alexandria,agm2000036633
agm2000013230,alexandria,agm2000036778
agm2000036778,alexandria,agm2000036778
agm2000013398,alexandria,agm2000036833
agm2000036833,alexandria,agm2000036833
agm2000018193,alexandria,agm2000036925
agm2000036925,alexandria,agm2000036925
agm2000029378,alexandria,agm2000036965
agm2000036965,alexandria,agm2000036965
agm2000008330,alexandria,agm2000036973
agm2000036973,alexandria,agm2000036973
agm2000039619,alexandria,agm2000036973
agm2000013814,alexandria,agm2000037031
agm2000037031,alexandria,agm2000037031
agm2000020960,alexandria,agm2000037052
agm2000037052,alexandria,agm2000037052
agm2000021372,alexandria,agm2000037215
agm2000037215,alexandria,agm2000037215
agm2000000602,alexandria,agm2000037269
agm2000037269,alexandria,agm2000037269
agm2000025600,alexandria,agm2000037344
agm2000037344,alexandria,agm2000037344
agm2000010624,alexandria,agm2000037358
agm2000037358,alexandria,agm2000037358
agm2000037761,alexandria,agm2000037761
agm2000037762,alexandria,agm2000037761
agm2000023323,alexandria,agm2000037852
agm2000037852,alexandria,agm2000037852
agm2000037902,alexandria,agm2000037903
agm2000037903,alexandria,agm2000037903
agm2000037911,alexandria,agm2000037912
agm2000037912,alexandria,agm2000037912
agm2000037935,alexandria,agm2000037935
agm2000037936,alexandria,agm2000037935
agm2000037952,alexandria,agm2000037952
agm2000037954,alexandria,agm2000037952
agm2000022151,alexandria,agm2000038100
agm2000038100,alexandria,agm2000038100
agm2000008305,alexandria,agm2000038107
agm2000023418,alexandria,agm2000038107
agm2000038107,alexandria,agm2000038107
agm2000038299,alexandria,agm2000038300
agm2000038300,alexandria,agm2000038300
agm2000038327,alexandria,agm2000038328
agm2000038328,alexandria,agm2000038328
agm2000012772,alexandria,agm2000038336
agm2000038336,alexandria,agm2000038336
agm2000038357,alexandria,agm2000038358
agm2000038358,alexandria,agm2000038358
agm2000002595,alexandria,agm2000038558
agm2000009609,alexandria,agm2000038558
agm2000038558,alexandria,agm2000038558
Cl2K2-85e2702c201b,c2db,agm2000038568
agm2000011150,alexandria,agm2000038568
agm2000038568,alexandria,agm2000038568
agm2000109895,alexandria,agm2000038568
agm2000039008,alexandria,agm2000039008
agm2000039013,alexandria,agm2000039008
agm2000003075,alexandria,agm2000039025
agm2000026646,alexandria,agm2000039025
agm2000039025,alexandria,agm2000039025
agm2000009857,alexandria,agm2000039035
agm2000039033,alexandria,agm2000039035
agm2000039035,alexandria,agm2000039035
agm2000039095,alexandria,agm2000039096
agm2000039096,alexandria,agm2000039096
agm2000013421,alexandria,agm2000039238
agm2000039238,alexandria,agm2000039238
agm2000005565,alexandria,agm2000039375
agm2000013541,alexandria,agm2000039375
agm2000039375,alexandria,agm2000039375
agm2000005582,alexandria,agm2000039393
agm2000039393,alexandria,agm2000039393
Au2I2-2a704c8deb56,c2db,agm2000039479
agm2000022510,alexandria,agm2000039479
agm2000039479,alexandria,agm2000039479
agm2000024010,alexandria,agm2000039485
agm2000039485,alexandria,agm2000039485
agm2000003169,alexandria,agm2000039663
agm2000026770,alexandria,agm2000039663
agm2000039663,alexandria,agm2000039663
agm2000005816,alexandria,agm2000039763
agm2000008335,alexandria,agm2000039763
agm2000020912,alexandria,agm2000039763
agm2000039763,alexandria,agm2000039763
agm2000010229,alexandria,agm2000039917
agm2000011349,alexandria,agm2000039917
agm2000039917,alexandria,agm2000039917
I2Rb2-11be6212a512,c2db,agm2000040259
agm2000011721,alexandria,agm2000040259
agm2000040259,alexandria,agm2000040259
agm2000110443,alexandria,agm2000040259
agm2000040313,alexandria,agm2000040314
agm2000040314,alexandria,agm2000040314
agm2000040318,alexandria,agm2000040320
agm2000040320,alexandria,agm2000040320
agm2000022901,alexandria,agm2000040619
agm2000040619,alexandria,agm2000040619
agm2000010698,alexandria,agm2000040981
agm2000040981,alexandria,agm2000040981
agm2000002607,alexandria,agm2000041183
agm2000008591,alexandria,agm2000041183
agm2000041183,alexandria,agm2000041183
BaBr2-74dc20d8f1ff,c2db,agm2000042015
agm2000008480,alexandria,agm2000042015
agm2000042015,alexandria,agm2000042015
agm2000109717,alexandria,agm2000042015
agm2000002901,alexandria,agm2000042304
agm2000042304,alexandria,agm2000042304
agm2000002587,alexandria,agm2000042340
agm2000042340,alexandria,agm2000042340
CaI2-ee886d522d75,c2db,agm2000042363
JVASP-6052,jarvis_dft2d,agm2000042363
agm2000011091,alexandria,agm2000042363
agm2000042363,alexandria,agm2000042363
agm2000109767,alexandria,agm2000042363
agm2000002591,alexandria,agm2000042861
agm2000008549,alexandria,agm2000042861
agm2000042861,alexandria,agm2000042861
agm2000010807,alexandria,agm2000042930
agm2000042930,alexandria,agm2000042930
agm2000005204,alexandria,agm2000043603
agm2000043603,alexandria,agm2000043603
agm2000009812,alexandria,agm2000043631
agm2000043631,alexandria,agm2000043631
agm2000018073,alexandria,agm2000043649
agm2000043649,alexandria,agm2000043649
agm2000005251,alexandria,agm2000043666
agm2000011227,alexandria,agm2000043666
agm2000043666,alexandria,agm2000043666
agm2000002617,alexandria,agm2000044066
agm2000010826,alexandria,agm2000044066
agm2000044066,alexandria,agm2000044066
PbI2-82db29775962,c2db,agm2000044205
agm2000016555,alexandria,agm2000044205
agm2000044202,alexandria,agm2000044205
agm2000044205,alexandria,agm2000044205
agm2000110093,alexandria,agm2000044205
agm2000002624,alexandria,agm2000044348
agm2000044348,alexandria,agm2000044348
agm2000002626,alexandria,agm2000044426
agm2000044426,alexandria,agm2000044426
agm2000011293,alexandria,agm2000044462
agm2000044462,alexandria,agm2000044462
agm2000011294,alexandria,agm2000044470
agm2000044470,alexandria,agm2000044470
agm2000011302,alexandria,agm2000044539
agm2000044539,alexandria,agm2000044539
agm2000010129,alexandria,agm2000044554
agm2000044554,alexandria,agm2000044554
agm2000002636,alexandria,agm2000044626
agm2000008704,alexandria,agm2000044626
agm2000044626,alexandria,agm2000044626
agm2000002645,alexandria,agm2000044818
agm2000011352,alexandria,agm2000044818
agm2000030099,alexandria,agm2000044818
agm2000044818,alexandria,agm2000044818
agm2000002646,alexandria,agm2000044827
agm2000044827,alexandria,agm2000044827
agm2000006777,alexandria,agm2000046447
agm2000008876,alexandria,agm2000046447
agm2000046447,alexandria,agm2000046447
SnTe-e688959ea45b,c2db,agm2000047690
agm2000047690,alexandria,agm2000047690
agm2000110589,alexandria,agm2000047690
SSn-f98da23471a1,c2db,agm2000048042
agm2000010967,alexandria,agm2000048042
agm2000011932,alexandria,agm2000048042
agm2000048042,alexandria,agm2000048042
agm2000110755,alexandria,agm2000048042
agm2000023320,alexandria,agm2000049009
agm2000049009,alexandria,agm2000049009
agm2000051099,alexandria,agm2000051099
agm2000102124,alexandria,agm2000051099
agm2000051201,alexandria,agm2000051201
agm2000063109,alexandria,agm2000051201
agm2000051282,alexandria,agm2000051282
agm2000102272,alexandria,agm2000051282
agm2000051297,alexandria,agm2000051297
agm2000094773,alexandria,agm2000051297
agm2000051793,alexandria,agm2000051793
agm2000095151,alexandria,agm2000051793
agm2000051795,alexandria,agm2000051795
agm2000102639,alexandria,agm2000051795
agm2000051816,alexandria,agm2000051816
agm2000063445,alexandria,agm2000051816
agm2000051818,alexandria,agm2000051818
agm2000084870,alexandria,agm2000051818
agm2000051828,alexandria,agm2000051828
agm2000063455,alexandria,agm2000051828
agm2000052010,alexandria,agm2000052010
agm2000095333,alexandria,agm2000052010
agm2000052039,alexandria,agm2000052039
agm2000063582,alexandria,agm2000052039
agm2000052197,alexandria,agm2000052197
agm2000063692,alexandria,agm2000052197
agm2000052230,alexandria,agm2000052230
agm2000102952,alexandria,agm2000052230
agm2000052247,alexandria,agm2000052247
agm2000063727,alexandria,agm2000052247
agm2000052256,alexandria,agm2000052256
agm2000095521,alexandria,agm2000052256
agm2000052287,alexandria,agm2000052287
agm2000063749,alexandria,agm2000052287
agm2000052359,alexandria,agm2000052359
agm2000095595,alexandria,agm2000052359
agm2000052464,alexandria,agm2000052464
agm2000103130,alexandria,agm2000052464
agm2000052557,alexandria,agm2000052557
agm2000095755,alexandria,agm2000052557
agm2000052595,alexandria,agm2000052595
agm2000063948,alexandria,agm2000052595
agm2000052598,alexandria,agm2000052598
agm2000103235,alexandria,agm2000052598
agm2000052603,alexandria,agm2000052603
agm2000103240,alexandria,agm2000052603
agm2000052608,alexandria,agm2000052608
agm2000095798,alexandria,agm2000052608
agm2000052645,alexandria,agm2000052645
agm2000103268,alexandria,agm2000052645
agm2000052665,alexandria,agm2000052665
agm2000064001,alexandria,agm2000052665
agm2000052735,alexandria,agm2000052735
agm2000103345,alexandria,agm2000052735
agm2000052741,alexandria,agm2000052741
agm2000095889,alexandria,agm2000052741
agm2000052762,alexandria,agm2000052762
agm2000064059,alexandria,agm2000052762
agm2000052766,alexandria,agm2000052766
agm2000064062,alexandria,agm2000052766
agm2000052896,alexandria,agm2000052896
agm2000095992,alexandria,agm2000052896
agm2000052975,alexandria,agm2000052975
agm2000064177,alexandria,agm2000052975
agm2000053068,alexandria,agm2000053068
agm2000103599,alexandria,agm2000053068
agm2000053088,alexandria,agm2000053088
agm2000103616,alexandria,agm2000053088
agm2000053095,alexandria,agm2000053095
agm2000103622,alexandria,agm2000053095
agm2000053100,alexandria,agm2000053100
agm2000103626,alexandria,agm2000053100
agm2000053192,alexandria,agm2000053192
agm2000103692,alexandria,agm2000053192
agm2000053202,alexandria,agm2000053202
agm2000103699,alexandria,agm2000053202
agm2000053207,alexandria,agm2000053207
agm2000103703,alexandria,agm2000053207
agm2000053209,alexandria,agm2000053209
agm2000103705,alexandria,agm2000053209
agm2000053232,alexandria,agm2000053232
agm2000064345,alexandria,agm2000053232
agm2000053269,alexandria,agm2000053269
agm2000064373,alexandria,agm2000053269
agm2000053291,alexandria,agm2000053291
agm2000103772,alexandria,agm2000053291
agm2000053313,alexandria,agm2000053313
agm2000064394,alexandria,agm2000053313
agm2000053343,alexandria,agm2000053343
agm2000064414,alexandria,agm2000053343
agm2000053889,alexandria,agm2000053889
agm2000096694,alexandria,agm2000053889
agm2000054004,alexandria,agm2000054004
agm2000096758,alexandria,agm2000054004
agm2000054141,alexandria,agm2000054141
agm2000064889,alexandria,agm2000054141
agm2000054471,alexandria,agm2000054471
agm2000065093,alexandria,agm2000054471
agm2000054481,alexandria,agm2000054481
agm2000104671,alexandria,agm2000054481
agm2000054487,alexandria,agm2000054487
agm2000097085,alexandria,agm2000054487
agm2000054734,alexandria,agm2000054734
agm2000065243,alexandria,agm2000054734
agm2000054735,alexandria,agm2000054735
agm2000104830,alexandria,agm2000054735
agm2000054748,alexandria,agm2000054748
agm2000065253,alexandria,agm2000054748
agm2000054830,alexandria,agm2000054830
agm2000097280,alexandria,agm2000054830
agm2000054909,alexandria,agm2000054909
agm2000065356,alexandria,agm2000054909
agm2000054935,alexandria,agm2000054935
agm2000065376,alexandria,agm2000054935
agm2000054937,alexandria,agm2000054937
agm2000065378,alexandria,agm2000054937
agm2000054944,alexandria,agm2000054944
agm2000065387,alexandria,agm2000054944
agm2000054967,alexandria,agm2000054967
agm2000065399,alexandria,agm2000054967
agm2000054973,alexandria,agm2000054973
agm2000104997,alexandria,agm2000054973
agm2000054993,alexandria,agm2000054993
agm2000105014,alexandria,agm2000054993
agm2000055000,alexandria,agm2000055000
agm2000105018,alexandria,agm2000055000
agm2000055023,alexandria,agm2000055023
agm2000105037,alexandria,agm2000055023
agm2000055026,alexandria,agm2000055026
agm2000065441,alexandria,agm2000055026
agm2000055027,alexandria,agm2000055027
agm2000065444,alexandria,agm2000055027
agm2000055029,alexandria,agm2000055029
agm2000105042,alexandria,agm2000055029
agm2000055034,alexandria,agm2000055034
agm2000105047,alexandria,agm2000055034
agm2000055035,alexandria,agm2000055035
agm2000065448,alexandria,agm2000055035
agm2000055075,alexandria,agm2000055075
agm2000097407,alexandria,agm2000055075
agm2000055087,alexandria,agm2000055087
agm2000065479,alexandria,agm2000055087
agm2000055158,alexandria,agm2000055158
agm2000105128,alexandria,agm2000055158
agm2000055171,alexandria,agm2000055171
agm2000065529,alexandria,agm2000055171
agm2000055177,alexandria,agm2000055177
agm2000097482,alexandria,agm2000055177
agm2000055192,alexandria,agm2000055192
agm2000097498,alexandria,agm2000055192
agm2000055232,alexandria,agm2000055232
agm2000065578,alexandria,agm2000055232
agm2000055248,alexandria,agm2000055248
agm2000065588,alexandria,agm2000055248
agm2000055386,alexandria,agm2000055386
agm2000097642,alexandria,agm2000055386
agm2000055535,alexandria,agm2000055535
agm2000097740,alexandria,agm2000055535
agm2000055674,alexandria,agm2000055674
agm2000065855,alexandria,agm2000055674
agm2000055779,alexandria,agm2000055779
agm2000065931,alexandria,agm2000055779
agm2000055943,alexandria,agm2000055943
agm2000066022,alexandria,agm2000055943
agm2000055953,alexandria,agm2000055953
agm2000105745,alexandria,agm2000055953
agm2000055980,alexandria,agm2000055980
agm2000066042,alexandria,agm2000055980
agm2000056052,alexandria,agm2000056052
agm2000098100,alexandria,agm2000056052
agm2000056108,alexandria,agm2000056108
agm2000066112,alexandria,agm2000056108
agm2000056110,alexandria,agm2000056110
agm2000105863,alexandria,agm2000056110
agm2000056155,alexandria,agm2000056155
agm2000066164,alexandria,agm2000056155
agm2000056243,alexandria,agm2000056243
agm2000105983,alexandria,agm2000056243
agm2000056253,alexandria,agm2000056253
agm2000066233,alexandria,agm2000056253
agm2000056326,alexandria,agm2000056326
agm2000098314,alexandria,agm2000056326
agm2000056338,alexandria,agm2000056338
agm2000106074,alexandria,agm2000056338
agm2000056361,alexandria,agm2000056361
agm2000106093,alexandria,agm2000056361
agm2000056377,alexandria,agm2000056377
agm2000066304,alexandria,agm2000056377
agm2000056435,alexandria,agm2000056435
agm2000106148,alexandria,agm2000056435
agm2000056572,alexandria,agm2000056572
agm2000066423,alexandria,agm2000056572
agm2000057239,alexandria,agm2000057239
agm2000106750,alexandria,agm2000057239
agm2000057419,alexandria,agm2000057419
agm2000099031,alexandria,agm2000057419
agm2000057667,alexandria,agm2000057667
agm2000099194,alexandria,agm2000057667
agm2000057669,alexandria,agm2000057669
agm2000099197,alexandria,agm2000057669
agm2000057820,alexandria,agm2000057820
agm2000067157,alexandria,agm2000057820
agm2000058202,alexandria,agm2000058202
agm2000067311,alexandria,agm2000058202
agm2000058232,alexandria,agm2000058232
agm2000067333,alexandria,agm2000058232
agm2000058238,alexandria,agm2000058238
agm2000107369,alexandria,agm2000058238
agm2000058241,alexandria,agm2000058241
agm2000099512,alexandria,agm2000058241
agm2000058260,alexandria,agm2000058260
agm2000099527,alexandria,agm2000058260
agm2000058277,alexandria,agm2000058277
agm2000107396,alexandria,agm2000058277
agm2000058292,alexandria,agm2000058292
agm2000107405,alexandria,agm2000058292
agm2000058298,alexandria,agm2000058298
agm2000099556,alexandria,agm2000058298
agm2000058342,alexandria,agm2000058342
agm2000107438,alexandria,agm2000058342
agm2000058350,alexandria,agm2000058350
agm2000107445,alexandria,agm2000058350
agm2000058627,alexandria,agm2000058627
agm2000099778,alexandria,agm2000058627
agm2000059493,alexandria,agm2000059493
agm2000100393,alexandria,agm2000059493
agm2000059497,alexandria,agm2000059497
agm2000108258,alexandria,agm2000059497
agm2000059593,alexandria,agm2000059593
agm2000092920,alexandria,agm2000059593
agm2000059692,alexandria,agm2000059692
agm2000068106,alexandria,agm2000059692
agm2000059911,alexandria,agm2000059911
agm2000100703,alexandria,agm2000059911
agm2000060000,alexandria,agm2000060000
agm2000108636,alexandria,agm2000060000
agm2000060021,alexandria,agm2000060021
agm2000068288,alexandria,agm2000060021
agm2000060205,alexandria,agm2000060205
agm2000068419,alexandria,agm2000060205
agm2000060351,alexandria,agm2000060351
agm2000108886,alexandria,agm2000060351
agm2000060392,alexandria,agm2000060392
agm2000101023,alexandria,agm2000060392
agm2000060511,alexandria,agm2000060511
agm2000101100,alexandria,agm2000060511
agm2000060773,alexandria,agm2000060773
agm2000101277,alexandria,agm2000060773
agm2000061390,alexandria,agm2000061390
agm2000101729,alexandria,agm2000061390
agm2000061418,alexandria,agm2000061418
agm2000101748,alexandria,agm2000061418
JVASP-8867,jarvis_dft2d,agm2000061721
agm2000061721,alexandria,agm2000061721
agm2000061723,alexandria,agm2000061723
agm2000065842,alexandria,agm2000061723
agm2000061736,alexandria,agm2000061736
agm2000101904,alexandria,agm2000061736
JVASP-13529,jarvis_dft2d,agm2000061970
agm2000061970,alexandria,agm2000061970
agm2000062015,alexandria,agm2000062015
agm2000102024,alexandria,agm2000062015
agm2000062245,alexandria,agm2000062245
agm2000101770,alexandria,agm2000062245
agm2000062310,alexandria,agm2000062310
agm2000085704,alexandria,agm2000062310
Hf2I2N2-f02e6e3d1130,c2db,agm2000062670
agm2000062670,alexandria,agm2000062670
agm2000051259,alexandria,agm2000063146
agm2000063146,alexandria,agm2000063146
agm2000051260,alexandria,agm2000063147
agm2000063147,alexandria,agm2000063147
agm2000051265,alexandria,agm2000063150
agm2000063150,alexandria,agm2000063150
agm2000051285,alexandria,agm2000063162
agm2000063162,alexandria,agm2000063162
agm2000052605,alexandria,agm2000063957
agm2000063957,alexandria,agm2000063957
agm2000052630,alexandria,agm2000063975
agm2000063975,alexandria,agm2000063975
agm2000052677,alexandria,agm2000064011
agm2000064011,alexandria,agm2000064011
agm2000052687,alexandria,agm2000064018
agm2000064018,alexandria,agm2000064018
agm2000052935,alexandria,agm2000064148
agm2000064148,alexandria,agm2000064148
agm2000053163,alexandria,agm2000064295
agm2000064295,alexandria,agm2000064295
agm2000053206,alexandria,agm2000064323
agm2000064323,alexandria,agm2000064323
agm2000053270,alexandria,agm2000064374
agm2000064374,alexandria,agm2000064374
agm2000064683,alexandria,agm2000064683
agm2000077029,alexandria,agm2000064683
agm2000053879,alexandria,agm2000064717
agm2000064717,alexandria,agm2000064717
agm2000064865,alexandria,agm2000064865
agm2000077234,alexandria,agm2000064865
agm2000054444,alexandria,agm2000065073
agm2000065073,alexandria,agm2000065073
agm2000054459,alexandria,agm2000065087
agm2000065087,alexandria,agm2000065087
agm2000054603,alexandria,agm2000065177
agm2000065177,alexandria,agm2000065177
agm2000054700,alexandria,agm2000065228
agm2000065228,alexandria,agm2000065228
agm2000054791,alexandria,agm2000065283
agm2000065283,alexandria,agm2000065283
agm2000054908,alexandria,agm2000065353
agm2000065353,alexandria,agm2000065353
agm2000054965,alexandria,agm2000065396
agm2000065396,alexandria,agm2000065396
agm2000054968,alexandria,agm2000065401
agm2000065401,alexandria,agm2000065401
agm2000054972,alexandria,agm2000065404
agm2000065404,alexandria,agm2000065404
agm2000055282,alexandria,agm2000065610
agm2000065610,alexandria,agm2000065610
agm2000055631,alexandria,agm2000065811
agm2000065811,alexandria,agm2000065811
agm2000056341,alexandria,agm2000066280
agm2000066280,alexandria,agm2000066280
agm2000056915,alexandria,agm2000066648
agm2000066648,alexandria,agm2000066648
agm2000056929,alexandria,agm2000066659
agm2000066659,alexandria,agm2000066659
agm2000056957,alexandria,agm2000066682
agm2000066682,alexandria,agm2000066682
agm2000058317,alexandria,agm2000067385
agm2000067385,alexandria,agm2000067385
agm2000059045,alexandria,agm2000067755
agm2000067755,alexandria,agm2000067755
agm2000059570,alexandria,agm2000068045
agm2000068045,alexandria,agm2000068045
agm2000059945,alexandria,agm2000068244
agm2000068244,alexandria,agm2000068244
agm2000060195,alexandria,agm2000068407
agm2000068407,alexandria,agm2000068407
agm2000060741,alexandria,agm2000068688
agm2000068688,alexandria,agm2000068688
agm2000068856,alexandria,agm2000068856
agm2000081497,alexandria,agm2000068856
agm2000069769,alexandria,agm2000069774
agm2000069774,alexandria,agm2000069774
agm2000063067,alexandria,agm2000069835
agm2000069835,alexandria,agm2000069835
agm2000063073,alexandria,agm2000069874
agm2000069874,alexandria,agm2000069874
agm2000063074,alexandria,agm2000069900
agm2000069900,alexandria,agm2000069900
agm2000070771,alexandria,agm2000070781
agm2000070781,alexandria,agm2000070781
agm2000070815,alexandria,agm2000070815
agm2000070818,alexandria,agm2000070815
agm2000063116,alexandria,agm2000070940
agm2000070940,alexandria,agm2000070940
agm2000063120,alexandria,agm2000070989
agm2000070989,alexandria,agm2000070989
agm2000071243,alexandria,agm2000071243
agm2000071249,alexandria,agm2000071243
agm2000071354,alexandria,agm2000071354
agm2000102252,alexandria,agm2000071354
agm2000071388,alexandria,agm2000071388
agm2000083751,alexandria,agm2000071388
agm2000071426,alexandria,agm2000071426
agm2000102262,alexandria,agm2000071426
agm2000071446,alexandria,agm2000071446
agm2000083760,alexandria,agm2000071446
agm2000071474,alexandria,agm2000071474
agm2000083761,alexandria,agm2000071474
agm2000071509,alexandria,agm2000071509
agm2000081772,alexandria,agm2000071509
agm2000071550,alexandria,agm2000071550
agm2000071552,alexandria,agm2000071550
agm2000076084,alexandria,agm2000076084
agm2000081887,alexandria,agm2000076084
agm2000065363,alexandria,agm2000077705
agm2000077705,alexandria,agm2000077705
agm2000078162,alexandria,agm2000078162
agm2000082285,alexandria,agm2000078162
agm2000078343,alexandria,agm2000078343
agm2000089357,alexandria,agm2000078343
agm2000078488,alexandria,agm2000078488
agm2000089572,alexandria,agm2000078488
agm2000078513,alexandria,agm2000078513
agm2000089615,alexandria,agm2000078513
agm2000078703,alexandria,agm2000078703
agm2000078704,alexandria,agm2000078703
agm2000080915,alexandria,agm2000080915
agm2000093478,alexandria,agm2000080915
BiBrS-49b7be14f786,c2db,agm2000081232
agm2000081232,alexandria,agm2000081232
agm2000110664,alexandria,agm2000081232
agm2000081336,alexandria,agm2000081336
agm2000081338,alexandria,agm2000081336
agm2000081429,alexandria,agm2000081429
agm2000083422,alexandria,agm2000081429
agm2000081902,alexandria,agm2000081902
agm2000085688,alexandria,agm2000081902
ClIV-9f3e8b6323b9,c2db,agm2000082020
agm2000082020,alexandria,agm2000082020
agm2000109926,alexandria,agm2000082020
agm2000082024,alexandria,agm2000082024
agm2000086855,alexandria,agm2000082024
agm2000082206,alexandria,agm2000082206
agm2000088690,alexandria,agm2000082206
agm2000080849,alexandria,agm2000083195
agm2000083195,alexandria,agm2000083195
agm2000083289,alexandria,agm2000083289
agm2000093897,alexandria,agm2000083289
agm2000081426,alexandria,agm2000083421
agm2000083421,alexandria,agm2000083421
agm2000069623,alexandria,agm2000083497
agm2000083497,alexandria,agm2000083497
agm2000083640,alexandria,agm2000083640
agm2000083641,alexandria,agm2000083640
agm2000135450,alexandria,agm2000083640
agm2000071260,alexandria,agm2000083734
agm2000071262,alexandria,agm2000083734
agm2000083734,alexandria,agm2000083734
agm2000071424,alexandria,agm2000083757
agm2000083757,alexandria,agm2000083757
agm2000081894,alexandria,agm2000085672
agm2000085672,alexandria,agm2000085672
agm2000081899,alexandria,agm2000085683
agm2000085683,alexandria,agm2000085683
agm2000081981,alexandria,agm2000086749
agm2000086749,alexandria,agm2000086749
agm2000077888,alexandria,agm2000088557
agm2000088557,alexandria,agm2000088557
agm2000088723,alexandria,agm2000088723
agm2000088724,alexandria,agm2000088723
agm2000078952,alexandria,agm2000090246
agm2000090246,alexandria,agm2000090246
agm2000090420,alexandria,agm2000090420
agm2000090421,alexandria,agm2000090420
agm2000082492,alexandria,agm2000090600
agm2000090600,alexandria,agm2000090600
agm2000093900,alexandria,agm2000093900
agm2000093901,alexandria,agm2000093900
agm2000094507,alexandria,agm2000094508
agm2000094508,alexandria,agm2000094508
agm2000051270,alexandria,agm2000094755
agm2000094755,alexandria,agm2000094755
agm2000051656,alexandria,agm2000095054
agm2000095054,alexandria,agm2000095054
agm2000051785,alexandria,agm2000095146
agm2000095146,alexandria,agm2000095146
agm2000051811,alexandria,agm2000095164
agm2000095164,alexandria,agm2000095164
agm2000052440,alexandria,agm2000095671
agm2000095671,alexandria,agm2000095671
agm2000052478,alexandria,agm2000095697
agm2000095697,alexandria,agm2000095697
agm2000052513,alexandria,agm2000095724
agm2000095724,alexandria,agm2000095724
agm2000095894,alexandria,agm2000095894
agm2000103360,alexandria,agm2000095894
agm2000052769,alexandria,agm2000095912
agm2000095912,alexandria,agm2000095912
agm2000052840,alexandria,agm2000095962
agm2000095962,alexandria,agm2000095962
agm2000053067,alexandria,agm2000096111
agm2000096111,alexandria,agm2000096111
agm2000054307,alexandria,agm2000096964
agm2000096964,alexandria,agm2000096964
agm2000054467,alexandria,agm2000097070
agm2000097070,alexandria,agm2000097070
agm2000054599,alexandria,agm2000097144
agm2000097144,alexandria,agm2000097144
agm2000054605,alexandria,agm2000097145
agm2000097145,alexandria,agm2000097145
agm2000054843,alexandria,agm2000097286
agm2000097286,alexandria,agm2000097286
agm2000054966,alexandria,agm2000097353
agm2000097353,alexandria,agm2000097353
agm2000055033,alexandria,agm2000097380
agm2000097380,alexandria,agm2000097380
agm2000055117,alexandria,agm2000097437
agm2000097437,alexandria,agm2000097437
agm2000077947,alexandria,agm2000097494
agm2000097494,alexandria,agm2000097494
agm2000055190,alexandria,agm2000097496
agm2000097496,alexandria,agm2000097496
agm2000055807,alexandria,agm2000097930
agm2000097930,alexandria,agm2000097930
agm2000055832,alexandria,agm2000097952
agm2000097952,alexandria,agm2000097952
agm2000055941,alexandria,agm2000098020
agm2000098020,alexandria,agm2000098020
agm2000056005,alexandria,agm2000098070
agm2000098070,alexandria,agm2000098070
agm2000056010,alexandria,agm2000098072
agm2000098072,alexandria,agm2000098072
agm2000056270,alexandria,agm2000098274
agm2000098274,alexandria,agm2000098274
agm2000056423,alexandria,agm2000098380
agm2000098380,alexandria,agm2000098380
agm2000056430,alexandria,agm2000098391
agm2000098391,alexandria,agm2000098391
agm2000056489,alexandria,agm2000098426
agm2000098426,alexandria,agm2000098426
agm2000056574,alexandria,agm2000098480
agm2000098480,alexandria,agm2000098480
agm2000057013,alexandria,agm2000098765
agm2000098765,alexandria,agm2000098765
agm2000057748,alexandria,agm2000099246
agm2000099246,alexandria,agm2000099246
agm2000058272,alexandria,agm2000099536
agm2000099536,alexandria,agm2000099536
agm2000058364,alexandria,agm2000099602
agm2000099602,alexandria,agm2000099602
agm2000059546,alexandria,agm2000100431
agm2000100431,alexandria,agm2000100431
agm2000059813,alexandria,agm2000100643
agm2000100643,alexandria,agm2000100643
agm2000060154,alexandria,agm2000100870
agm2000100870,alexandria,agm2000100870
agm2000060204,alexandria,agm2000100909
agm2000100909,alexandria,agm2000100909
agm2000060248,alexandria,agm2000100941
agm2000100941,alexandria,agm2000100941
agm2000060579,alexandria,agm2000101137
agm2000101137,alexandria,agm2000101137
agm2000060607,alexandria,agm2000101160
agm2000101160,alexandria,agm2000101160
agm2000060608,alexandria,agm2000101161
agm2000101161,alexandria,agm2000101161
agm2000060695,alexandria,agm2000101224
agm2000101224,alexandria,agm2000101224
agm2000060798,alexandria,agm2000101301
agm2000101301,alexandria,agm2000101301
agm2000062536,alexandria,agm2000101912
agm2000101912,alexandria,agm2000101912
agm2000061798,alexandria,agm2000101935
agm2000101935,alexandria,agm2000101935
agm2000061802,alexandria,agm2000101938
agm2000101938,alexandria,agm2000101938
agm2000062802,alexandria,agm2000102022
agm2000102022,alexandria,agm2000102022
agm2000062016,alexandria,agm2000102025
agm2000102025,alexandria,agm2000102025
agm2000051175,alexandria,agm2000102190
agm2000102190,alexandria,agm2000102190
agm2000052006,alexandria,agm2000102798
agm2000102798,alexandria,agm2000102798
agm2000061504,alexandria,agm2000102851
agm2000102851,alexandria,agm2000102851
agm2000052205,alexandria,agm2000102926
agm2000102926,alexandria,agm2000102926
agm2000052206,alexandria,agm2000102927
agm2000102927,alexandria,agm2000102927
agm2000052675,alexandria,agm2000103293
agm2000103293,alexandria,agm2000103293
agm2000052890,alexandria,agm2000103461
agm2000103461,alexandria,agm2000103461
agm2000052948,alexandria,agm2000103507
agm2000103507,alexandria,agm2000103507
agm2000053130,alexandria,agm2000103652
agm2000103652,alexandria,agm2000103652
agm2000053996,alexandria,agm2000104314
agm2000104314,alexandria,agm2000104314
agm2000054061,alexandria,agm2000104378
agm2000104378,alexandria,agm2000104378
agm2000054470,alexandria,agm2000104663
agm2000104663,alexandria,agm2000104663
agm2000054485,alexandria,agm2000104674
agm2000104674,alexandria,agm2000104674
agm2000054595,alexandria,agm2000104750
agm2000104750,alexandria,agm2000104750
agm2000054853,alexandria,agm2000104899
agm2000104899,alexandria,agm2000104899
agm2000055018,alexandria,agm2000105032
agm2000105032,alexandria,agm2000105032
agm2000055040,alexandria,agm2000105054
agm2000105054,alexandria,agm2000105054
agm2000055052,alexandria,agm2000105063
agm2000105063,alexandria,agm2000105063
agm2000055290,alexandria,agm2000105239
agm2000105239,alexandria,agm2000105239
agm2000055469,alexandria,agm2000105375
agm2000105375,alexandria,agm2000105375
agm2000055512,alexandria,agm2000105411
agm2000105411,alexandria,agm2000105411
agm2000055615,alexandria,agm2000105498
agm2000105498,alexandria,agm2000105498
agm2000055622,alexandria,agm2000105508
agm2000105508,alexandria,agm2000105508
agm2000055862,alexandria,agm2000105689
agm2000105689,alexandria,agm2000105689
agm2000056000,alexandria,agm2000105783
agm2000105783,alexandria,agm2000105783
agm2000056001,alexandria,agm2000105784
agm2000105784,alexandria,agm2000105784
agm2000056207,alexandria,agm2000105955
agm2000105955,alexandria,agm2000105955
agm2000056621,alexandria,agm2000106284
agm2000106284,alexandria,agm2000106284
agm2000056781,alexandria,agm2000106402
agm2000106402,alexandria,agm2000106402
agm2000058223,alexandria,agm2000107357
agm2000107357,alexandria,agm2000107357
agm2000058289,alexandria,agm2000107404
agm2000107404,alexandria,agm2000107404
agm2000059242,alexandria,agm2000108062
agm2000108062,alexandria,agm2000108062
agm2000060004,alexandria,agm2000108639
agm2000108639,alexandria,agm2000108639
agm2000060018,alexandria,agm2000108648
agm2000108648,alexandria,agm2000108648
agm2000060201,alexandria,agm2000108791
agm2000108791,alexandria,agm2000108791
agm2000060299,alexandria,agm2000108857
agm2000108857,alexandria,agm2000108857
agm2000060565,alexandria,agm2000109012
agm2000109012,alexandria,agm2000109012
agm2000060814,alexandria,agm2000109195
agm2000109195,alexandria,agm2000109195
ReAg2I6-bab1ec0bdac5,c2db,agm2000109671
agm2000109671,alexandria,agm2000109671
Ag2I2-0c52f79478e2,c2db,agm2000109673
agm2000109673,alexandria,agm2000109673
Al2Cl2Se2-b7d248345211,c2db,agm2000109679
agm2000109679,alexandria,agm2000109679
Al2I6-c16b24ee2d30,c2db,agm2000109680
agm2000109680,alexandria,agm2000109680
Al2Br2S2-0df11388b5d6,c2db,agm2000109683
agm2000109683,alexandria,agm2000109683
Al2Cl2S2-eaa4915152ca,c2db,agm2000109684
agm2000109684,alexandria,agm2000109684
Al2Br2Se2-1b6ba48355c2,c2db,agm2000109686
agm2000109686,alexandria,agm2000109686
Al2I2Se2-c5dc6126821b,c2db,agm2000109687
agm2000109687,alexandria,agm2000109687
Al2Se2-129a514b51ad,c2db,agm2000109688
agm2000109688,alexandria,agm2000109688
Al2Se2-136900211245,c2db,agm2000109689
agm2000109689,alexandria,agm2000109689
Al2I2S2-57fa2b38763c,c2db,agm2000109691
agm2000109691,alexandria,agm2000109691
AsBrTe-64921449e408,c2db,agm2000109698
agm2000109698,alexandria,agm2000109698
As2I6-7c51a624bf63,c2db,agm2000109700
agm2000109700,alexandria,agm2000109700
AsBrSe-206b9dcf2af6,c2db,agm2000109701
agm2000109701,alexandria,agm2000109701
AsBrSe-989f469f06bd,c2db,agm2000109702
agm2000109702,alexandria,agm2000109702
AsISe-5d829e480507,c2db,agm2000109703
agm2000109703,alexandria,agm2000109703
AsITe-b6d803aafe3a,c2db,agm2000109704
agm2000109704,alexandria,agm2000109704
YBr2-32aac6e20434,c2db,agm2000109731
agm2000109731,alexandria,agm2000109731
Zr2Br4-112846d9ccdd,c2db,agm2000109732
agm2000109732,alexandria,agm2000109732
ZrBr2-7897c7cc2491,c2db,agm2000109733
agm2000109733,alexandria,agm2000109733
Au2Br6-dbc278a06722,c2db,agm2000109735
agm2000109735,alexandria,agm2000109735
Bi2Br6-2a1d71d82f8a,c2db,agm2000109736
agm2000109736,alexandria,agm2000109736
Ir2Br6-c59955626932,c2db,agm2000109738
JVASP-6202,jarvis_dft2d,agm2000109738
agm2000109738,alexandria,agm2000109738
Tl2Br6-a53871fb1a3b,c2db,agm2000109742
agm2000109742,alexandria,agm2000109742
Y2Br6-fd5f6e2221ca,c2db,agm2000109743
agm2000109743,alexandria,agm2000109743
ReAg2Br6-832b3b1525d2,c2db,agm2000109745
agm2000109745,alexandria,agm2000109745
JVASP-60295,jarvis_dft2d,agm2000109746
JVASP-76350,jarvis_dft2d,agm2000109746
agm2000109746,alexandria,agm2000109746
Ag2Br2Te4-ce52fbc99f30,c2db,agm2000109747
agm2000109747,alexandria,agm2000109747
BiBrTe-304bc6a92d82,c2db,agm2000109758
JVASP-60360,jarvis_dft2d,agm2000109758
JVASP-76415,jarvis_dft2d,agm2000109758
agm2000109758,alexandria,agm2000109758
BiBrTe-f4f45fcade85,c2db,agm2000109759
agm2000109759,alexandria,agm2000109759
BrIZr-28c61999c692,c2db,agm2000109761
agm2000109761,alexandria,agm2000109761
JVASP-6172,jarvis_dft2d,agm2000109780
agm2000109780,alexandria,agm2000109780
CF2Y2-c1e2c223ffeb,c2db,agm2000109786
agm2000109786,alexandria,agm2000109786
BaCl2-00a09165a480,c2db,agm2000109811
agm2000017889,alexandria,agm2000109811
agm2000109811,alexandria,agm2000109811
CaCl2-55e6ef39650c,c2db,agm2000109814
agm2000109814,alexandria,agm2000109814
CoCl2-cb7655063dfe,c2db,agm2000109819
agm2000011103,alexandria,agm2000109819
agm2000109819,alexandria,agm2000109819
TiCl2-95688ba68ca1,c2db,agm2000109844
agm2000109844,alexandria,agm2000109844
YCl2-097c5f54659a,c2db,agm2000109846
agm2000109846,alexandria,agm2000109846
ZnCl2-29e6de323923,c2db,agm2000109848
agm2000017917,alexandria,agm2000109848
agm2000042575,alexandria,agm2000109848
agm2000109848,alexandria,agm2000109848
Zr2Cl4-78bf3c7e79be,c2db,agm2000109849
agm2000109849,alexandria,agm2000109849
JVASP-6037,jarvis_dft2d,agm2000109850
ZrCl2-dc09b7c396eb,c2db,agm2000109850
agm2000109850,alexandria,agm2000109850
Co2Cl6-bdec053d68e4,c2db,agm2000109854
agm2000109854,alexandria,agm2000109854
Ga2Cl6-68439f1fa55d,c2db,agm2000109858
agm2000109858,alexandria,agm2000109858
Os2Cl6-579e034365b4,c2db,agm2000109864
agm2000109864,alexandria,agm2000109864
Ti2Cl6-a84bffeebbfa,c2db,agm2000109868
agm2000109868,alexandria,agm2000109868
ReAg2Cl6-63c4affdd5b9,c2db,agm2000109875
agm2000109875,alexandria,agm2000109875
ReCu2Cl6-86c5de50519d,c2db,agm2000109876
agm2000109876,alexandria,agm2000109876
NiZrCl6-fb1017d33c02,c2db,agm2000109879
agm2000109879,alexandria,agm2000109879
BrClZr-8cb69386d06b,c2db,agm2000109887
agm2000109887,alexandria,agm2000109887
Cl2Cr2Se2-fb83a5a9c5f2,c2db,agm2000109890
agm2000109890,alexandria,agm2000109890
Cl2Cs2-e85b67045b23,c2db,agm2000109891
agm2000038545,alexandria,agm2000109891
agm2000038546,alexandria,agm2000109891
agm2000109891,alexandria,agm2000109891
JVASP-8888,jarvis_dft2d,agm2000109900
agm2000109900,alexandria,agm2000109900
BiClSe-7fe9c5cb910c,c2db,agm2000109905
agm2000109905,alexandria,agm2000109905
BiClSe-a80866a2c6b4,c2db,agm2000109906
agm2000081984,alexandria,agm2000109906
agm2000109906,alexandria,agm2000109906
Cl2In2Se2-59bbb5bc246d,c2db,agm2000109909
agm2000109909,alexandria,agm2000109909
BiClTe-968a6902b7f5,c2db,agm2000109918
JVASP-6163,jarvis_dft2d,agm2000109918
agm2000082003,alexandria,agm2000109918
agm2000109918,alexandria,agm2000109918
BiClTe-badda86cab42,c2db,agm2000109919
agm2000109919,alexandria,agm2000109919
BrClV-878148656c6a,c2db,agm2000109925
agm2000082019,alexandria,agm2000109925
agm2000109925,alexandria,agm2000109925
ClIZr-73202b4b7837,c2db,agm2000109929
agm2000109929,alexandria,agm2000109929
CoBr2-02049cf3cf55,c2db,agm2000109933
agm2000016059,alexandria,agm2000109933
agm2000109933,alexandria,agm2000109933
CoZrBr6-47a72745bf3d,c2db,agm2000109936
agm2000109936,alexandria,agm2000109936
JVASP-60389,jarvis_dft2d,agm2000109952
JVASP-76444,jarvis_dft2d,agm2000109952
agm2000109952,alexandria,agm2000109952
CrSeTe-5d9d3ded04de,c2db,agm2000109965
agm2000109965,alexandria,agm2000109965
ReCu2I6-ec359e53fb49,c2db,agm2000109970
agm2000109970,alexandria,agm2000109970
Br2Cu2-1d4af93f2f8f,c2db,agm2000109973
agm2000109973,alexandria,agm2000109973
Fe2Te4-0ff691c9a0cf,c2db,agm2000109997
agm2000109997,alexandria,agm2000109997
ReCu2F6-9c6f35d960fb,c2db,agm2000110008
agm2000110008,alexandria,agm2000110008
JVASP-13579,jarvis_dft2d,agm2000110020
agm2000101879,alexandria,agm2000110020
agm2000110020,alexandria,agm2000110020
Ga2Se2-394e5709a3ac,c2db,agm2000110026
JVASP-60452,jarvis_dft2d,agm2000110026
JVASP-6853,jarvis_dft2d,agm2000110026
JVASP-687,jarvis_dft2d,agm2000110026
JVASP-6877,jarvis_dft2d,agm2000110026
JVASP-76507,jarvis_dft2d,agm2000110026
agm2000110026,alexandria,agm2000110026
GeI2-24970c2cdc0f,c2db,agm2000110031
agm2000110031,alexandria,agm2000110031
GeTe-eadd37f03ca5,c2db,agm2000110038
agm2000110038,alexandria,agm2000110038
CSiH2-8a1587098151,c2db,agm2000110045
agm2000110045,alexandria,agm2000110045
MgH2S2-508dbde022e2,c2db,agm2000110047
agm2000110047,alexandria,agm2000110047
JVASP-27754,jarvis_dft2d,agm2000110052
NiH2O2-4f81e6b4f5aa,c2db,agm2000110052
agm2000110052,alexandria,agm2000110052
ZnH2O2-ed8127ad41ef,c2db,agm2000110053
agm2000110053,alexandria,agm2000110053
JVASP-27899,jarvis_dft2d,agm2000110056
agm2000110056,alexandria,agm2000110056
JVASP-8927,jarvis_dft2d,agm2000110068
agm2000110068,alexandria,agm2000110068
BaI2-080cc67ae6c9,c2db,agm2000110087
agm2000018170,alexandria,agm2000110087
agm2000110087,alexandria,agm2000110087
Bi2I6-433fccc74b5d,c2db,agm2000110097
agm2000110097,alexandria,agm2000110097
In2I6-68457dfb5c70,c2db,agm2000110106
agm2000110106,alexandria,agm2000110106
I2In2-9ab97b2e26fc,c2db,agm2000110107
agm2000110107,alexandria,agm2000110107
agm2000011320,alexandria,agm2000110130
agm2000024139,alexandria,agm2000110130
agm2000110130,alexandria,agm2000110130
JVASP-6307,jarvis_dft2d,agm2000110133
agm2000110133,alexandria,agm2000110133
MnZrBr6-e6c3b44451c3,c2db,agm2000110136
agm2000110136,alexandria,agm2000110136
HfMnI6-502a8c200800,c2db,agm2000110140
agm2000110140,alexandria,agm2000110140
MnZrI6-87bf2615c49d,c2db,agm2000110149
agm2000110149,alexandria,agm2000110149
MoAg2Te4-b7068b149e72,c2db,agm2000110151
agm2000110151,alexandria,agm2000110151
Mo2I6-d182faf4b34d,c2db,agm2000110152
agm2000110152,alexandria,agm2000110152
JVASP-670,jarvis_dft2d,agm2000110154
MoTe2-38a53176109a,c2db,agm2000110154
agm2000110154,alexandria,agm2000110154
NiZrBr6-58bbdebe3477,c2db,agm2000110184
agm2000110184,alexandria,agm2000110184
NiZrI6-6664877fdd91,c2db,agm2000110206
agm2000110206,alexandria,agm2000110206
N2O2Hf3-bb4e40ae9164,c2db,agm2000110208
agm2000110208,alexandria,agm2000110208
Cl2Hf2N2-4fcefac18ea4,c2db,agm2000110223
agm2000110223,alexandria,agm2000110223
JVASP-27777,jarvis_dft2d,agm2000110226
agm2000110226,alexandria,agm2000110226
JVASP-75164,jarvis_dft2d,agm2000110260
agm2000110260,alexandria,agm2000110260
Os2O4-234278d00297,c2db,agm2000110282
agm2000110282,alexandria,agm2000110282
PbO2-e2a7fd3e05fc,c2db,agm2000110283
agm2000110283,alexandria,agm2000110283
JVASP-5874,jarvis_dft2d,agm2000110285
JVASP-738,jarvis_dft2d,agm2000110285
PtO2-6f43cd15097d,c2db,agm2000110285
agm2000110285,alexandria,agm2000110285
Ru2O4-4baaa6dbfe38,c2db,agm2000110287
agm2000110287,alexandria,agm2000110287
Ti2O6-e13b860d55ed,c2db,agm2000110312
agm2000110312,alexandria,agm2000110312
agm2000110317,alexandria,agm2000110317
agm2000111458,alexandria,agm2000110317
JVASP-60363,jarvis_dft2d,agm2000110318
JVASP-76418,jarvis_dft2d,agm2000110318
agm2000110318,alexandria,agm2000110318
Au2O2-c99b8d2aa925,c2db,agm2000110342
agm2000110342,alexandria,agm2000110342
Br2In2O2-1e3e9d3ccdf7,c2db,agm2000110343
JVASP-8948,jarvis_dft2d,agm2000110343
agm2000110343,alexandria,agm2000110343
Br2O2Tl2-c3c952d61f44,c2db,agm2000110345
agm2000110345,alexandria,agm2000110345
Cl2In2O2-17adcd54556e,c2db,agm2000110353
JVASP-6193,jarvis_dft2d,agm2000110353
agm2000110353,alexandria,agm2000110353
Cl2O2Rh2-c6c664595ece,c2db,agm2000110354
agm2000110354,alexandria,agm2000110354
Cl2O2Sc2-4f02b8743bf5,c2db,agm2000110356
agm2000110356,alexandria,agm2000110356
Cl2O2Tl2-9b3666807d82,c2db,agm2000110357
agm2000110357,alexandria,agm2000110357
JVASP-60402,jarvis_dft2d,agm2000110359
JVASP-76457,jarvis_dft2d,agm2000110359
agm2000110359,alexandria,agm2000110359
Ga2O2-16c96094d1a0,c2db,agm2000110368
agm2000110368,alexandria,agm2000110368
JVASP-6160,jarvis_dft2d,agm2000110369
agm2000110369,alexandria,agm2000110369
In2P2S6-793870f62166,c2db,agm2000110418
agm2000110418,alexandria,agm2000110418
JVASP-75361,jarvis_dft2d,agm2000110419
Mn2P2S6-677c868c0469,c2db,agm2000110419
agm2000110419,alexandria,agm2000110419
Ru2Te4-76c40a7e8f78,c2db,agm2000110453
agm2000110453,alexandria,agm2000110453
I2Sb2-d7e53bedc66f,c2db,agm2000110457
agm2000110457,alexandria,agm2000110457
ScBr2-78039e746a9a,c2db,agm2000110460
agm2000110460,alexandria,agm2000110460
Sc2Br6-28805c67295d,c2db,agm2000110461
agm2000110461,alexandria,agm2000110461
Br2Sc2Se2-5ac3898b9a10,c2db,agm2000110468
agm2000110468,alexandria,agm2000110468
I2Sc2Se2-95558a590f15,c2db,agm2000110469
agm2000110469,alexandria,agm2000110469
Ag2Br2Se4-c7e3d505588c,c2db,agm2000110472
agm2000110472,alexandria,agm2000110472
Os2Se4-a27442d3eef5,c2db,agm2000110480
agm2000110480,alexandria,agm2000110480
PbSe2-0bc5d11454a7,c2db,agm2000110481
agm2000110481,alexandria,agm2000110481
PdSe2-f7acacb69123,c2db,agm2000110483
agm2000110483,alexandria,agm2000110483
Rh4Se8-af61e881e0fa,c2db,agm2000110487
agm2000110487,alexandria,agm2000110487
Ru2Se4-7bbcf668755a,c2db,agm2000110488
agm2000110488,alexandria,agm2000110488
W2Se4-800574ca4834,c2db,agm2000110495
agm2000110495,alexandria,agm2000110495
MoAu2Se4-f187d0336ed9,c2db,agm2000110508
agm2000110508,alexandria,agm2000110508
ZrHf3Se8-b8fb10416122,c2db,agm2000110515
agm2000110515,alexandria,agm2000110515
Au2Se2-3a5cf30b34d6,c2db,agm2000110516
agm2000110516,alexandria,agm2000110516
BiBrSe-de5756e4fbfa,c2db,agm2000110518
agm2000110518,alexandria,agm2000110518
Br2In2Se2-06798ff26674,c2db,agm2000110521
agm2000110521,alexandria,agm2000110521
BiISe-433f707c632c,c2db,agm2000110531
agm2000110531,alexandria,agm2000110531
BiISe-70cbc0e44d36,c2db,agm2000110532
agm2000110532,alexandria,agm2000110532
I2In2Se2-597a69fb8eaf,c2db,agm2000110536
agm2000110536,alexandria,agm2000110536
In2Se2-178396d52e5c,c2db,agm2000110538
agm2000110538,alexandria,agm2000110538
In2Se2-eb204c739879,c2db,agm2000110539
JVASP-6079,jarvis_dft2d,agm2000110539
agm2000110539,alexandria,agm2000110539
MoSeTe-42eb12e7b656,c2db,agm2000110542
agm2000110542,alexandria,agm2000110542
ISbSe-df0019ec24b5,c2db,agm2000110557
agm2000110557,alexandria,agm2000110557
HfSeTe-305c779b8752,c2db,agm2000110563
agm2000110563,alexandria,agm2000110563
SeTeW-6e2a4c6f4f57,c2db,agm2000110566
agm2000110566,alexandria,agm2000110566
JVASP-76505,jarvis_dft2d,agm2000110578
agm2000110578,alexandria,agm2000110578
SiS2-c70107ea4985,c2db,agm2000110581
agm2000018761,alexandria,agm2000110581
agm2000110581,alexandria,agm2000110581
SnI2-d9c422656482,c2db,agm2000110586
agm2000110586,alexandria,agm2000110586
Ir4S8-1ad827226ca1,c2db,agm2000110604
agm2000110604,alexandria,agm2000110604
Os2S4-e187219404db,c2db,agm2000110612
agm2000110612,alexandria,agm2000110612
Rh4S8-eb7f99d79736,c2db,agm2000110619
agm2000110619,alexandria,agm2000110619
Ru2S4-00e84e7b8e1e,c2db,agm2000110620
agm2000110620,alexandria,agm2000110620
SeBi2S2-5db44a94f3a6,c2db,agm2000110622
agm2000110622,alexandria,agm2000110622
Bi2S3-9e4974207024,c2db,agm2000110636
agm2000018808,alexandria,agm2000110636
agm2000110636,alexandria,agm2000110636
AsIS-b13beafa16aa,c2db,agm2000110660
agm2000110660,alexandria,agm2000110660
Au2S2-8074370a0af2,c2db,agm2000110661
agm2000017485,alexandria,agm2000110661
agm2000110661,alexandria,agm2000110661
BiBrS-3b305c3e2c18,c2db,agm2000110663
agm2000110663,alexandria,agm2000110663
Br2In2S2-7214206fb620,c2db,agm2000110667
agm2000110667,alexandria,agm2000110667
Br2Ir2S2-c0fadae216ee,c2db,agm2000110668
agm2000110668,alexandria,agm2000110668
BrSSb-4da5c6be60db,c2db,agm2000110674
agm2000081238,alexandria,agm2000110674
agm2000110674,alexandria,agm2000110674
BiClS-99fd027b1d0b,c2db,agm2000110678
agm2000110678,alexandria,agm2000110678
BiClS-c96ef4fc869c,c2db,agm2000110679
agm2000110679,alexandria,agm2000110679
Cl2In2S2-deefb141a3ba,c2db,agm2000110685
agm2000110685,alexandria,agm2000110685
Cl2Ir2S2-4064ccdd7b40,c2db,agm2000110686
agm2000110686,alexandria,agm2000110686
Br2Cr2S2-806bd2cbdf65,c2db,agm2000110702
agm2000110702,alexandria,agm2000110702
CrSTe-8a0864d30ce1,c2db,agm2000110705
agm2000110705,alexandria,agm2000110705
Br2Ga2S2-b03c8123f1c4,c2db,agm2000110712
agm2000110712,alexandria,agm2000110712
Ga2I2S2-890beabfa390,c2db,agm2000110713
agm2000110713,alexandria,agm2000110713
GeS-227b12019ade,c2db,agm2000110718
agm2000110718,alexandria,agm2000110718
BiIS-40034665f9f1,c2db,agm2000110719
agm2000110719,alexandria,agm2000110719
BiIS-acdcd16c0d76,c2db,agm2000110720
agm2000110720,alexandria,agm2000110720
I2Ir2S2-3b5f1a6b5904,c2db,agm2000110722
agm2000110722,alexandria,agm2000110722
I2In2S2-2563c60fafcf,c2db,agm2000110723
agm2000110723,alexandria,agm2000110723
In2S2-172ef584c4a6,c2db,agm2000110724
agm2000110724,alexandria,agm2000110724
In2S2-1b7899449ed6,c2db,agm2000110725
agm2000110725,alexandria,agm2000110725
MoSTe-e4bb8738150a,c2db,agm2000110727
agm2000110727,alexandria,agm2000110727
ISSb-5b94060698bc,c2db,agm2000110743
agm2000110743,alexandria,agm2000110743
I2S2Sc2-211074b92a35,c2db,agm2000110745
agm2000110745,alexandria,agm2000110745
SBi2Se2-489b3230e427,c2db,agm2000110746
agm2000110746,alexandria,agm2000110746
HfSSe-63618e5bf062,c2db,agm2000110747
agm2000083378,alexandria,agm2000110747
agm2000110747,alexandria,agm2000110747
HfSSe-9afb20358166,c2db,agm2000110748
agm2000110748,alexandria,agm2000110748
MoSSe-de7ac5fc6945,c2db,agm2000110749
agm2000110749,alexandria,agm2000110749
HfSTe-2602a918955b,c2db,agm2000110757
agm2000110757,alexandria,agm2000110757
STeW-75ee10091f43,c2db,agm2000110760
agm2000110760,alexandria,agm2000110760
SSeTi-358305cad463,c2db,agm2000110764
agm2000110764,alexandria,agm2000110764
S2Tl2-751e767bff79,c2db,agm2000110767
agm2000110767,alexandria,agm2000110767
S2Tl2-fb0b06c4bab6,c2db,agm2000110768
agm2000110768,alexandria,agm2000110768
S2Zn2-fdc73006aad8,c2db,agm2000110774
agm2000018916,alexandria,agm2000110774
agm2000110774,alexandria,agm2000110774
Re4Te8-7c1336422fd2,c2db,agm2000110787
agm2000110787,alexandria,agm2000110787
Au2Te2-d57228736661,c2db,agm2000110801
agm2000110801,alexandria,agm2000110801
HgTe-1a3bdd1b142a,c2db,agm2000110802
agm2000110802,alexandria,agm2000110802
BiITe-a84d988e38ac,c2db,agm2000110805
agm2000110805,alexandria,agm2000110805
Ti2I6-0e99355f14de,c2db,agm2000110822
agm2000110822,alexandria,agm2000110822
BrIV-2da05db34435,c2db,agm2000110839
agm2000110839,alexandria,agm2000110839
SeTeV-716e51e45afe,c2db,agm2000110844
agm2000110844,alexandria,agm2000110844
Y2I6-4040d3dcb2dd,c2db,agm2000110851
agm2000110851,alexandria,agm2000110851
ZnBr2-88424f85cf2b,c2db,agm2000110854
agm2000110854,alexandria,agm2000110854
ZnI2-69f5f8718ba5,c2db,agm2000110855
agm2000110855,alexandria,agm2000110855
I2Zn2-748053f4b718,c2db,agm2000110857
agm2000110857,alexandria,agm2000110857
ZrI2-9c024b5a2e89,c2db,agm2000110865
agm2000110865,alexandria,agm2000110865
Ag2Te2-648de0a225fe,c2db,agm2000110881
agm2000110881,alexandria,agm2000110881
CdBr2-a7bb757c6234,c2db,agm2000110900
agm2000110900,alexandria,agm2000110900
PbBr2-cabd4ba0f21c,c2db,agm2000110907
agm2000110907,alexandria,agm2000110907
Bi2Br2-a71d673909fb,c2db,agm2000110933
agm2000110933,alexandria,agm2000110933
Br2In2-d38747f97b6c,c2db,agm2000110936
agm2000110936,alexandria,agm2000110936
CaBr2-49f279264c91,c2db,agm2000110939
agm2000009407,alexandria,agm2000110939
agm2000110939,alexandria,agm2000110939
CdI2-66c5fba8ad87,c2db,agm2000110942
agm2000110942,alexandria,agm2000110942
GeCl2-3ea474649fa9,c2db,agm2000110955
agm2000110955,alexandria,agm2000110955
HgCl2-31f13a321b70,c2db,agm2000110958
agm2000110958,alexandria,agm2000110958
HgCl2-6cbe2e585099,c2db,agm2000110959
agm2000110959,alexandria,agm2000110959
PbCl2-f9d58a299674,c2db,agm2000110960
agm2000110960,alexandria,agm2000110960
SnCl2-95805103ce95,c2db,agm2000110963
agm2000110963,alexandria,agm2000110963
Tl2Cl4-30ddf92eb9d6,c2db,agm2000110967
agm2000110967,alexandria,agm2000110967
Cl2Cu2-c1a86f114149,c2db,agm2000110987
agm2000110987,alexandria,agm2000110987
Cl2Sb2-a6ccabb6ac8a,c2db,agm2000110991
agm2000110991,alexandria,agm2000110991
JVASP-27755,jarvis_dft2d,agm2000111035
agm2000111035,alexandria,agm2000111035
Br2Ga2-5e74b3f59c30,c2db,agm2000111052
agm2000111052,alexandria,agm2000111052
Ga2I2-996fda50f076,c2db,agm2000111054
agm2000111054,alexandria,agm2000111054
GeBr2-204ef2affa10,c2db,agm2000111058
agm2000111058,alexandria,agm2000111058
Ge2Se2-9b75762d0ef6,c2db,agm2000111063
agm2000111063,alexandria,agm2000111063
PbI2-14411dde597c,c2db,agm2000111073
agm2000111073,alexandria,agm2000111073
JVASP-13602,jarvis_dft2d,agm2000111074
agm2000111074,alexandria,agm2000111074
Bi2I2-c3fa8fd438b6,c2db,agm2000111089
agm2000111089,alexandria,agm2000111089
MgBr2-bee1987fb4e6,c2db,agm2000111100
agm2000111100,alexandria,agm2000111100
MgI2-67bb6819958f,c2db,agm2000111101
agm2000111101,alexandria,agm2000111101
Sc2I6-d59c550c4a3a,c2db,agm2000111155
agm2000111155,alexandria,agm2000111155
Pb2Se4-129ec20b7c07,c2db,agm2000111164
agm2000111164,alexandria,agm2000111164
Pt2Se4-60c67ebd5bd2,c2db,agm2000111165
agm2000111165,alexandria,agm2000111165
Pb2Se6-2ca0de31712d,c2db,agm2000111173
agm2000111173,alexandria,agm2000111173
JVASP-5962,jarvis_dft2d,agm2000111183
agm2000111183,alexandria,agm2000111183
SrI2-1059dc7f5fe4,c2db,agm2000111189
agm2000111189,alexandria,agm2000111189
Pt2S4-216f8f2dd8c1,c2db,agm2000111204
agm2000111204,alexandria,agm2000111204
Pt2Te4-9b0c8e2f4e4e,c2db,agm2000111232
agm2000111232,alexandria,agm2000111232
Au2Te2-aafa8f843d5b,c2db,agm2000111240
agm2000111240,alexandria,agm2000111240
JVASP-27766,jarvis_dft2d,agm2000111288
agm2000111288,alexandria,agm2000111288
AsClSe-df329350eef2,c2db,agm2000111330
agm2000111330,alexandria,agm2000111330
Cl2Cu2Se4-c8d0d00e7aa3,c2db,agm2000111336
agm2000111336,alexandria,agm2000111336
Bi2Cl2Se2-c326c8e73d16,c2db,agm2000111343
agm2000111343,alexandria,agm2000111343
MoCr3Se8-961c37d6e527,c2db,agm2000111355
agm2000111355,alexandria,agm2000111355
WCr3Se8-c798e725e2fb,c2db,agm2000111356
agm2000111356,alexandria,agm2000111356
CrMo3Te8-159f028a85d0,c2db,agm2000111359
agm2000111359,alexandria,agm2000111359
Cr2Mo2Se8-60065d3bbcf2,c2db,agm2000111361
agm2000111361,alexandria,agm2000111361
Cr2W2Se8-548aa830244c,c2db,agm2000111362
agm2000111362,alexandria,agm2000111362
CrMo3Se8-a7233837cfe9,c2db,agm2000111363
agm2000111363,alexandria,agm2000111363
CrW3Se8-0b7696e1f4c9,c2db,agm2000111364
agm2000111364,alexandria,agm2000111364
CrW3Te8-eef072f845ce,c2db,agm2000111366
agm2000111366,alexandria,agm2000111366
ReCu2Br6-1a7b2ddbd336,c2db,agm2000111367
agm2000111367,alexandria,agm2000111367
MoCu2Te4-27e4c4f1ee97,c2db,agm2000111368
agm2000111368,alexandria,agm2000111368
MoCu2Se4-2b6237b24f79,c2db,agm2000111369
agm2000111369,alexandria,agm2000111369
WCu2Se4-3630245c0f9d,c2db,agm2000111370
agm2000111370,alexandria,agm2000111370
WCu2Te4-42331331be92,c2db,agm2000111371
agm2000111371,alexandria,agm2000111371
Br2Cu2Te4-af27d0354197,c2db,agm2000111373
agm2000111373,alexandria,agm2000111373
Br2Cu2Se4-f0ed4ed73f83,c2db,agm2000111374
agm2000111374,alexandria,agm2000111374
Cu2I2Se4-b30d27347163,c2db,agm2000111375
agm2000111375,alexandria,agm2000111375
Cu2I2Te4-87eeef832712,c2db,agm2000111379
agm2000111379,alexandria,agm2000111379
Br2Ga2Se2-cb32583b36c8,c2db,agm2000111390
agm2000111390,alexandria,agm2000111390
Ga2I2Se2-f28b21b26964,c2db,agm2000111391
agm2000111391,alexandria,agm2000111391
JVASP-60308,jarvis_dft2d,agm2000111444
agm2000111444,alexandria,agm2000111444
Al2I2O2-086883f2d3a8,c2db,agm2000111477
agm2000111477,alexandria,agm2000111477
Bi2Cl2O2-50556ff9cabd,c2db,agm2000111493
agm2000111493,alexandria,agm2000111493
Ga2I2O2-02b711e42a2f,c2db,agm2000111513
agm2000111513,alexandria,agm2000111513
Bi2I2O2-26ea03aefca3,c2db,agm2000111515
agm2000111515,alexandria,agm2000111515
I2O2Tl2-819911a90521,c2db,agm2000111519
agm2000111519,alexandria,agm2000111519
OBi2S2-a54b57ee42bb,c2db,agm2000111524
agm2000111524,alexandria,agm2000111524
OS2Sb2-184d60788920,c2db,agm2000111525
agm2000111525,alexandria,agm2000111525
OSb2Te2-48bbacdd20ba,c2db,agm2000111526
agm2000111526,alexandria,agm2000111526
OBi2Se2-110a911596c0,c2db,agm2000111528
agm2000111528,alexandria,agm2000111528
OBi2Te2-6c4ee4d06519,c2db,agm2000111530
agm2000067433,alexandria,agm2000111530
agm2000111530,alexandria,agm2000111530
Ir2P2Se6-65c3ae4ecac2,c2db,agm2000111577
agm2000111577,alexandria,agm2000111577
P2Pt2Se6-3a65ac9ff395,c2db,agm2000111581
agm2000111581,alexandria,agm2000111581
P2Ru2Se6-3c9fd4879cb7,c2db,agm2000111583
agm2000111583,alexandria,agm2000111583
JVASP-6331,jarvis_dft2d,agm2000111591
agm2000111591,alexandria,agm2000111591
Ag2I2Se4-5480bc670f81,c2db,agm2000111603
agm2000111603,alexandria,agm2000111603
WAu2Se4-1578c3f86c73,c2db,agm2000111609
agm2000111609,alexandria,agm2000111609
WMo3Se8-05a06afa3b20,c2db,agm2000111612
agm2000111612,alexandria,agm2000111612
MoW3Se8-24d6cc0a0fed,c2db,agm2000111613
agm2000111613,alexandria,agm2000111613
Bi2Br2Se2-d2aaca216b91,c2db,agm2000111616
agm2000111616,alexandria,agm2000111616
Bi2I2Se2-efb58383c7bd,c2db,agm2000111624
agm2000111624,alexandria,agm2000111624
Br2Cu2S4-1d7274dec874,c2db,agm2000111637
agm2000111637,alexandria,agm2000111637
JVASP-75084,jarvis_dft2d,agm2000111642
agm2000111642,alexandria,agm2000111642
Cr2Mo2S8-72b286460831,c2db,agm2000111644
agm2000111644,alexandria,agm2000111644
WCu2S4-812e863395ac,c2db,agm2000111646
agm2000111646,alexandria,agm2000111646
MoAu2S4-29cfac904ac7,c2db,agm2000111648
agm2000111648,alexandria,agm2000111648
Mo2W2S8-449640ec4d30,c2db,agm2000111649
agm2000111649,alexandria,agm2000111649
Hf2Ti2S8-c8cfffe63bfa,c2db,agm2000111650
agm2000111650,alexandria,agm2000111650
WAu2S4-5bbbcec3454f,c2db,agm2000111652
agm2000111652,alexandria,agm2000111652
CrMo3S8-644f7c1c85c7,c2db,agm2000111656
agm2000111656,alexandria,agm2000111656
WMo3S8-9c2979187585,c2db,agm2000111658
agm2000111658,alexandria,agm2000111658
ZrTi3S8-e6e376c80c43,c2db,agm2000111660
agm2000111660,alexandria,agm2000111660
Bi2Br2S2-9e8786952b94,c2db,agm2000111664
agm2000111664,alexandria,agm2000111664
ClSSb-9188c300265c,c2db,agm2000111674
agm2000111674,alexandria,agm2000111674
Bi2I2S2-c8b75389b30c,c2db,agm2000111680
agm2000111680,alexandria,agm2000111680
WAu2Te4-fa9b643288c1,c2db,agm2000111695
agm2000111695,alexandria,agm2000111695
HfTi3Se8-c55716558616,c2db,agm2000111697
agm2000111697,alexandria,agm2000111697
TiHf3Se8-3e1923c616ad,c2db,agm2000111704
agm2000111704,alexandria,agm2000111704
SnBr2-a41087b2c98b,c2db,agm2000111721
agm2000011067,alexandria,agm2000111721
agm2000042064,alexandria,agm2000111721
agm2000111721,alexandria,agm2000111721
Br2Tl2-495c0ec26ef4,c2db,agm2000111724
agm2000026410,alexandria,agm2000111724
agm2000111724,alexandria,agm2000111724
Cl2Cu2-820b7699bd43,c2db,agm2000111735
agm2000012852,alexandria,agm2000111735
agm2000111735,alexandria,agm2000111735
HgF2-f5965c8b3d89,c2db,agm2000111758
agm2000111758,alexandria,agm2000111758
Cs2F2-fd11b1cd0dc1,c2db,agm2000111765
agm2000111765,alexandria,agm2000111765
HgI2-0ff7ee261fec,c2db,agm2000111770
agm2000111770,alexandria,agm2000111770
I2Tl2-4dec0d273348,c2db,agm2000111772
agm2000039487,alexandria,agm2000111772
agm2000039490,alexandria,agm2000111772
agm2000111772,alexandria,agm2000111772
MnBr2-4d6ea02f2407,c2db,agm2000111776
agm2000025929,alexandria,agm2000111776
agm2000111776,alexandria,agm2000111776
MnI2-2b7cf85310ef,c2db,agm2000111777
agm2000008719,alexandria,agm2000111777
agm2000111777,alexandria,agm2000111777
JVASP-723,jarvis_dft2d,agm2000111794
Pd2Se4-12f02221b8c5,c2db,agm2000111794
agm2000111794,alexandria,agm2000111794
CaBr2-819000a41305,c2db,agm2000123441
agm2000009406,alexandria,agm2000123441
agm2000042352,alexandria,agm2000123441
agm2000123441,alexandria,agm2000123441
agm2000002923,alexandria,agm2000123597
agm2000123597,alexandria,agm2000123597
PbCl2-ec34fbc566ef,c2db,agm2000123617
agm2000011112,alexandria,agm2000123617
agm2000123617,alexandria,agm2000123617
PdCl2-e3731b3b3a79,c2db,agm2000123618
agm2000109835,alexandria,agm2000123618
agm2000123618,alexandria,agm2000123618
Ti2Cl4-66087709613c,c2db,agm2000123636
agm2000123636,alexandria,agm2000123636
agm2000008679,alexandria,agm2000124375
agm2000124375,alexandria,agm2000124375
agm2000110395,alexandria,agm2000125105
agm2000125105,alexandria,agm2000125105
Co4S8-cdea8fd17b0b,c2db,agm2000125633
agm2000125633,alexandria,agm2000125633
Os2Te4-20733aabace8,c2db,agm2000125774
agm2000125774,alexandria,agm2000125774
PtTe2-747f8e0087c0,c2db,agm2000125779
agm2000125779,alexandria,agm2000125779
VI2-d480b343c982,c2db,agm2000125939
agm2000009107,alexandria,agm2000125939
agm2000048248,alexandria,agm2000125939
agm2000125939,alexandria,agm2000125939
As2Br6-744410ea2c2e,c2db,agm2000126249
agm2000126249,alexandria,agm2000126249
Sb2Br6-fd1a1303c198,c2db,agm2000126333
agm2000126333,alexandria,agm2000126333
V2I6-fdc45f6a05cc,c2db,agm2000128159
agm2000128159,alexandria,agm2000128159
JVASP-78033,jarvis_dft2d,agm2000128565
SnF4-a61b85728555,c2db,agm2000128565
agm2000128565,alexandria,agm2000128565
CdH2O2-d41831225acf,c2db,agm2000130742
agm2000130742,alexandria,agm2000130742
agm2000110593,alexandria,agm2000130806
agm2000130806,alexandria,agm2000130806
agm2000081852,alexandria,agm2000135520
agm2000135520,alexandria,agm2000135520
agm2000065422,alexandria,agm2000136078
agm2000136078,alexandria,agm2000136078
JVASP-60289,jarvis_dft2d,agm2000136109
JVASP-76344,jarvis_dft2d,agm2000136109
agm2000136109,alexandria,agm2000136109
JVASP-8891,jarvis_dft2d,agm2000136193
agm2000136193,alexandria,agm2000136193
agm2000088711,alexandria,agm2000136290
agm2000136290,alexandria,agm2000136290
JVASP-13589,jarvis_dft2d,agm2000136452
agm2000136452,alexandria,agm2000136452
JVASP-6208,jarvis_dft2d,agm2000136665
agm2000136665,alexandria,agm2000136665
agm2000101897,alexandria,agm2000136728
agm2000136728,alexandria,agm2000136728
JVASP-60550,jarvis_dft2d,agm2000136990
agm2000136990,alexandria,agm2000136990
JVASP-60556,jarvis_dft2d,agm2000137021
JVASP-76611,jarvis_dft2d,agm2000137021
agm2000137021,alexandria,agm2000137021
JVASP-60554,jarvis_dft2d,agm2000137068
JVASP-76609,jarvis_dft2d,agm2000137068
agm2000137068,alexandria,agm2000137068
JVASP-60254,jarvis_dft2d,agm2000137451
JVASP-76309,jarvis_dft2d,agm2000137451
agm2000137451,alexandria,agm2000137451
